-- phpMyAdmin SQL Dump
-- version 4.7.0
-- https://www.phpmyadmin.net/
--
-- Host: 127.0.0.1
-- Generation Time: May 07, 2018 at 07:57 PM
-- Server version: 10.1.24-MariaDB
-- PHP Version: 7.1.6

SET SQL_MODE = "NO_AUTO_VALUE_ON_ZERO";
SET AUTOCOMMIT = 0;
START TRANSACTION;
SET time_zone = "+00:00";


/*!40101 SET @OLD_CHARACTER_SET_CLIENT=@@CHARACTER_SET_CLIENT */;
/*!40101 SET @OLD_CHARACTER_SET_RESULTS=@@CHARACTER_SET_RESULTS */;
/*!40101 SET @OLD_COLLATION_CONNECTION=@@COLLATION_CONNECTION */;
/*!40101 SET NAMES utf8mb4 */;

--
-- Database: `appterz`
--

-- --------------------------------------------------------

--
-- Table structure for table `equipment`
--

CREATE TABLE `equipment` (
  `equipment_id` int(11) NOT NULL,
  `equipment_name` varchar(300) NOT NULL,
  `equipment_quantity` int(11) NOT NULL,
  `equipment_description` text NOT NULL,
  `equipment_status` enum('available','unavailable','','') NOT NULL,
  `equipment_enter_by` int(11) NOT NULL
) ENGINE=InnoDB DEFAULT CHARSET=latin1;

--
-- Dumping data for table `equipment`
--

INSERT INTO `equipment` (`equipment_id`, `equipment_name`, `equipment_quantity`, `equipment_description`, `equipment_status`, `equipment_enter_by`) VALUES
(1, 'Projector', 4, 'These are projectors.', 'available', 1),
(2, 'Laptop', 4, 'these are laptops', 'available', 1),
(5, 'Extension', 5, 'these are extensions', 'available', 1),
(6, 'Speaker', 10, 'these are speakers', 'available', 1);

-- --------------------------------------------------------

--
-- Table structure for table `inventory_request`
--

CREATE TABLE `inventory_request` (
  `inventory_request_id` int(11) NOT NULL,
  `user_id` int(11) NOT NULL,
  `inventory_request_date` date NOT NULL,
  `inventory_request_from_time` time NOT NULL,
  `inventory_request_to_time` time NOT NULL,
  `inventory_request_status` enum('pending','approved','closed','') NOT NULL,
  `inventory_request_location` varchar(255) NOT NULL,
  `comment` text NOT NULL,
  `inventory_request_created_date` date NOT NULL
) ENGINE=InnoDB DEFAULT CHARSET=latin1;

--
-- Dumping data for table `inventory_request`
--

INSERT INTO `inventory_request` (`inventory_request_id`, `user_id`, `inventory_request_date`, `inventory_request_from_time`, `inventory_request_to_time`, `inventory_request_status`, `inventory_request_location`, `comment`, `inventory_request_created_date`) VALUES
(1, 1, '2018-04-28', '10:00:00', '12:00:00', 'closed', 'ICT room 1', 'hola :P', '2018-04-27'),
(2, 1, '2018-04-30', '08:00:00', '12:00:00', 'approved', 'CR 2', 'sup nigga', '2018-04-27'),
(3, 9, '2018-04-28', '12:00:00', '13:00:00', 'pending', 'Lab 2', 'my comment', '2018-04-28'),
(4, 9, '2018-04-30', '12:27:00', '16:00:00', 'approved', 'Mess Hall', 'Nigga ', '2018-04-29'),
(5, 9, '2018-04-30', '15:31:00', '22:31:00', 'approved', 'Lab 8', 'my comment', '2018-04-29'),
(6, 11, '2018-04-30', '16:55:00', '18:54:00', 'pending', 'Lab 3', 'My comment', '2018-04-30');

-- --------------------------------------------------------

--
-- Table structure for table `inventory_request_equipment`
--

CREATE TABLE `inventory_request_equipment` (
  `inventory_request_equipment_id` int(11) NOT NULL,
  `inventory_request_id` int(11) NOT NULL,
  `equipment_id` int(11) NOT NULL,
  `quantity` int(11) NOT NULL
) ENGINE=InnoDB DEFAULT CHARSET=latin1;

--
-- Dumping data for table `inventory_request_equipment`
--

INSERT INTO `inventory_request_equipment` (`inventory_request_equipment_id`, `inventory_request_id`, `equipment_id`, `quantity`) VALUES
(1, 2, 1, 2),
(2, 1, 1, 2),
(3, 4, 1, 1),
(4, 4, 2, 2),
(5, 5, 1, 1),
(6, 6, 6, 1);

-- --------------------------------------------------------

--
-- Table structure for table `user_details`
--

CREATE TABLE `user_details` (
  `user_id` int(11) NOT NULL,
  `user_email` varchar(200) NOT NULL,
  `user_password` varchar(200) NOT NULL,
  `user_name` varchar(200) NOT NULL,
  `user_type` enum('master','user') NOT NULL,
  `user_status` enum('Active','Inactive') NOT NULL,
  `image` blob
) ENGINE=InnoDB DEFAULT CHARSET=latin1;

--
-- Dumping data for table `user_details`
--

INSERT INTO `user_details` (`user_id`, `user_email`, `user_password`, `user_name`, `user_type`, `user_status`, `image`) VALUES
(1, 'hg@gmail.com', '$2y$10$.azGRyJk/LD6E169arKQ2OufOy.BXdlfANJ7bas1GDPbu9CuhWTsW', 'Howard Grant', 'master', 'Active', 0xffd8ffe000104a46494600010101006000600000ffdb004300090607080706090808080a0a090b0e170f0e0d0d0e1c14151117221e2323211e2020252a352d2527322820202e3f2f3237393c3c3c242d4246413a46353b3c39ffdb0043010a0a0a0e0c0e1b0f0f1b392620263939393939393939393939393939393939393939393939393939393939393939393939393939393939393939393939393939ffc0001108012c012703012200021101031101ffc4001c0001000203010101000000000000000000000506010407020308ffc40041100001030301050408030704000700000001000203040511210612314151132261710714328191a1b1c12352d115426272d2e1f0243482a216334392b2e2f1ffc4001b01000105010100000000000000000000000001020304050607ffc40037110002020103010505070402030100000000010203110412213105134151610622327181142391a1b1c1d1243342e162f0345272f1ffda000c03010002110311003f00dac22ca2b2503088b280308b2b08008888008b2b08008bc4f3474f1ba499ed631bc5ce380154af1b5fed436e1e06570fa04632059abae14b411efd4ccc60e409d4f90559b86da71650d3e9f9e43f65539e796a25324d23a479e2e71c95f34f514264dfacbcdc2b3ff3aaa4ddfcad3ba3e0168139444e102222510cb5ce6ead7107c16cc55f531e312b8ff36ab55132508cbaa26ab51655cc24d7c89686f0784d1e47569fb29182ae19c7e1bc13d381558404839048f2556cd1425cae0dbd2fb45a9ab8b3de5f9fe25b9157a9ae53c3804f68de8efd54bd257435230d3baffca78aa16e96caf97ca3a7d176ce9f54f6a789793369111563582222002222002222002222002222000e2888811973458595be792858595840194584401944440185177bbe535a63c38efce4776307e67a2d2da2da465007535296beab813c433fbaa1cd3493cae925797bdc725c7894e51c89936ee975abb9cbbf5127747b2c1a35ab451004f10222610186116cd2dbeaaadc04303df9e602b05bf62ebaa0832023c1baa8e56c6258869a72e5f0bd782acb206782e8716c3089b992190e3998c95f56ecf533061af7371d1a147dfc9fc312cc74ba74fef2dc7c93673b6d3cce196c4f3e4d2b0ea799bc6278ff00895d0a4b13b198e604f47051b55493529c4acc03c0f105413d55b0eb134f4fd93a2d4fbb5ddcfc8a61691c460a1f2c2b5be363c61ec6b87885a155698a404c3f86ee9c92c35f093c49605d4fb357571dd54b77e4c82cac8241041c10bd4d13e190b1e08217857534d7073b28cab961f0d12f41742311d41c8e4ffd54b021c01041078615496dd157494c40f6a3e6d3f654351a3ddef40e97b2fb7e55e2bd472bcfc4b1a2f953d44751187c673d4730beab31a69e19d957646c8a941e53088890784444004444004444001c510714408cb92cac22df3c942cac22002ca2c200caab6d4ed0fab6f5151bff001b848f1fb9e03c56eed3de45b297b289c3d6a51868fca3aae76e71738b9c49278929d15e22361c4b8924924ea49584409e20c2f714524aedd8da5c4f45256db44b54e66fb4807834712ba16ceec93375af91a037a60e0feaab59a84b88ff00a34ebd0284559a8784fa2f17fc149b5ecc55569196b883c9a34f8abada360a9a2c3ea80271c0107ea55f6dd666c2c01ac11b71c74deffe214bc34d14382d1de1fbdd567d9aaf5c96170b15c5457e2ff12b96fb141046df57a4181fbda7f52956dadc464bd80f4dd3faa944555df2622a9757c90f3504918c81be06a481c3e2e50f74a664b4ee78662460c83a7f52b828cb9d234832807074701ffe1525373524476d3c705097cea616d442e89dc08e3d16dd6539a69dcce5c5a7a85f0d56c7124674652ae4a517868a8d442fa799d1bc608f9af9ab3dc68995917491becb956e589f0c859234b5c3915937d2eb7e87a1f65f69c35b5e1f125d57ee695c291b5311d3bed1dd3f655c235c2b6aacd640fa799cd70d09c83d42b7a0b3ac1989ed2e912db7c17a335d1308b48e48fa432be1787c6e20a9da1b832a30c7f765e9c8aaf2c8710720e08e0a0bb4f1b573d4d3ecfed4b7452e1e63e28b6a28fb6d78a8023908128ffb29058b6572ae5b647a1697555eaab5656f86111130b01111001111000714591c510232e211382cadf3c94c22cac200cad2bb5c62b651bea243a8d1ade6e3d16dbded631cf710d6b46493c82e6db457675d6b4b9a48823d236fdd2a59119a35d572d754c95133b79ef3f0f05ae88a41a14ada6883f13c83207b20fd547d2c26a27646399d7c95badd4c24a88a068c37ec152d5dad62b8f56743d89a284b76a6df863fa96ad92b487b44f2301d3383d390e21747a2a3642c6b9cd1bf8f87ccaafeccd3b5d1b070cb89c6390f77dd5b1676a25b5ec5e046ec96a26ee9f561111541e111100161cd0e696919078aca200aadfe88eeb80032cef34f51f1fb2acae8176634b18e233ae3ddf02a815af8e9df2b9ee0d6309d4ad7d1d9ba1c999a8abdfc2f130a2eeb516f2c2d9de0bdbc0b788f7aaf5eb6a2499ce8688619c37b9955ba97cef7e67792ee382787b95969d9c781351b74cfbc6dee5e5fbbfd913d25c2918fc09811cb4cfd161d25255b770bd8f1d09c155b59ce145f608ae62d9a6bda4b65eed904d79125576b7b017c24bd9d39a8c23071aafab2a268fd891edf22bccb2be5717bce5dd70acd719c7893c991abb34d6fbd4c5c5f9787d0f0888a6289e98e2c70734e08d72ac16ead1551e1d8ed1bed0ebe2aba17d69e67c12b6461c11f355b5142b63ea6af65768cf456e7fc5f545a517ce099b3c4d919c0fc97d16234d3c33d1a138ce2a51794c222241c111100071444408cb90595845be7929958595f39a564313e590e18c69738f804015bdb6b9fabd2b68a377e24dabf1c9bfdd5196ddd6b5f70ae96a5e7da3a0e83905a8a44b03584444a21316383bae9cf13dd6fdd5b767a2264925c701ba157ad6dff0045100353faae83b316f0c6337c0ee779de27e0b253dd74a72e88ec75528e97b3214c7acfff00d65c367603142011ecb7e67dea6d6a50b5b0d3073886ef6a7240fd17a96ba08ce0b89fe5d551b1b9c9b464d78845266ca2d3fda307f1ff00ed5ee3ad81e71bc5bfcda263849780f5647ccd945e192c6f386bdae3e072bda68ec85e1d2b1af0c2e01c7805e89c0551da1ac95b3b1d1c98cb8918f0f72969abbd96d22b6ceed6491da5ad14d163382069e7f1fb2e2bb477692e754ea5a77eed3b0f7ddc01567dafbad54b4cd818eccb2774606034732b9e564ad637d5e13dc07bcee6e2b4e8af6ad8ba88a2a30efece8fa7afcbf9f23cc933221b94e3ce43c4f9745adc4a05bf6da0f583da483110e03f32b92942a8ee654aabbb5d6aaeb5fc235a9e966a93f86cd3a9e0b7459a6ddc99199e982a69916e478647860e834459d66b6c6fdde11d669bd9dd2a87de3dcfe655ea29e4a7937646e0fc97c4f1565aca515262e1dc7649f051177a710d4ef3461af19c2b746a95988bea61769f634b4bbac87c29afccd144456cc208111006fda6afb097b379fc37fc8a9f551cab0daaa7b7a7c38f7d9a1f11d5666ba9c7de2fa9d87b39da1bbfa69fd3f8375111671d684444001c510220465c96561656f9e4a15636dee1d851b28d87bf3eaefe50acdc353c1730da0ae370bacd3024b01dd67904b1423239111483422220545db65e9c4bd8170cb636077bd747a5920a0b689677b18dc6f1271faaa2ecab40a573bf85a3e4a336bb68a69dfeab14ae2d68c71d07b966c61ba385d5b6743ad7beff007dfbb08a5f97eac9eda0f485235ce8699c430698ebfa2a8cfb5b719092c7eea858a9e6a871ecd8e7753fdd6db6cf504779cc6f8654aa34d5f13208c3557f3a7ab8f97eecda6ed4dd5a722707cdab76976e6ef011de6387961439b554b0e4063fc32b764acad6d1fabcb44d0ce4636060ff00a8c9f794fdd54b8891bd3eaa0fef62d7d0b2d0fa469f7dbdbe633f99a02b9516d5bab616c919df61d090f2b871cef1046ef8157ad8082a268642e2e2d7bc066524e987520ef3745e561af2f1f99d8edf3ba686461249034c9049f99559be443b263dadc16388770fb12ac7686bb2e24e4000703fa05f0bfd2efd3bcb4e8e1a8f1f8159d54d42dc224b62e55f272dda78df1504f5116f191cddccfe51cf0b9e1e3aae99b4554ca5b7bf7f1dfd173899c26a8258d0c0e3a01c96ad6f12692e06dc9cf4f5ca4f9e897a79fec7dadb43256ced6b1a4b79e3e8ba05b6cd153c6d32b039c068de4178d9db6474748c93197b871e8a4aa6a61a588c93c8d8d83992a3c2b1ef9f4f02495d2d327451d7c5fecbd11ad78944144e6b4005fdd002ae96383778b5c075217ab8ed63647f67454fda11c1ce6e7e4a36696ff5e322198b7c1aa0ba8764b299add99da11d153b64b2dbe7c7fd7e666a6b5b055471b9c034825c7a7451571aa15536f3746346078af1534b550c87d621958ee65c16b1e2ac51a68430d7533bb43b56fd4a7092c45bce02222b462844440816ddbaa0d3d535c4f74e8ef25a889b38ee8b8b26d3dd2a6c8d91ea8b722d6b74a66a48dc78e307dcb6573f28ed6d1ea745aadae362f1411113494220e288119724445be792917b4b5bea3689de0e1ef1b8df32b99ab6eded5174d4f480e8d6991defd07d15494915c0d61111288111102a2e5415bd859cb1a70e781af86146d8ac9537baa3208cbc39deef7addb5d23aaad70b86bbc44785d4f67e85b67a18e2a70d63b77bce0353ff005592a528ee4759ac9d318c271e5be71eb85d7e4455a7d1e8dc02a9c5981a600ddf9152bff80e8718df693d777fba917492c9edc8e3f1fe952942c7c301ed5da1d464f0f9055a7294564a5f69b6c7cc9fe3fc144b9ec4c1165b13ded772ce003f355eacb65ceda4b41323072c6f0f82e9f76b8dae94efd5d435871c49d0aa6dd76b6cce6be26d431fd093903cb4ca96a5bfaac12435da9afabdcbc9f254849452bc7add0c64f568c7c95a6cb534d018df035a616e9868e1ee503515966af3a54b1b27e60b6acf4d1c064732a1b2876061a559ad4e2f63e50bae745f477b14e325e1d51d42ccf6be27b9a06e9c118c7ea56d57337e99e300e06546ecb46e65b9ae71f6b80e814c4837a370ea166d9eed8ca95f35f2708f48c5d14d141c06f13f354a070411c8abf7a5681ccaba77907073fe700a93451898c9169bce6f77cc2dbae4957b8ab2ae53b2108f5c71f99718b696960b444f0e0660dc16f42abb354cf77924a9ab91cda68cea33a780510e041c118216d5253d5d6b7d5e9dbbf83bdb808193d7c52bab8ebfe87c352b7e143e7eafd7d0dd86e4606bc5051b7b8325ee6ef6075c7eabe125c6e5591c923eb9e1ace2ded3773e407156bd8fb95258e8eae8ee96699e6a06eb9e1b9d3a2ab5c6de0d5bc50c729809cb7b46ee903a2642518b6b1f51f7d57ded4b19f45e1f244799257024bde473d4af0e691c471d548061a481f1cb3346ff001633571f7f25aad6cd505ac635cfddd001c82963627cf879905ba6947117972f23e08a5a9ecee3accfc78356c3ad14e58434bc3b91ca8a5aca93c64b95f606b270ddb71f3640a2fad4c0fa794c6f1afd57c9598c949651916572ae4e125868222270c266c32663923e872a5557ecf26e5606f278c2b02c4d6436dafd4f42ec0bbbcd1c57febc0444554db011110232e488bccaf11c4f79e0d69256f9e4a734da4a9f5abd553f390d76e0f21a28c5ea57992473cf17124af2a51a1111020444401d076248759c73dd795d2a9e4ed218de0020b474fea5cbf611d9b74cde922e836598c909878b99c3cbe0550be398e7c8bdbdeffa2fd099a630b0be698b5ac8c675c71f895cf76c3d2055d4d5bedf66041c969701fe6aa576f2e6eb759a56b096c920c0d7afb82a8da2187676c4ebc54c6d7d64c77610e19c1eb8c28abad2f79acbf02cc129757847c06cc55cb11acbd5c590876a5b2c9def82d0946cd5365a0cf391f91ba7cd7bb55b6e7b635f2b9f5079f79e74cf451770b55759ab4c5554c77d87f79bbcd72b305cb527c8b64de1776b8fc7fd9b0ffd835070d3534c7939cd047c8ad7f589ad7540d355895a3505a7231f6523b39b3b70b9cd24a28da29cb482f906eb5b9e60782dbafb450f6f0596d2c3535923809a73a8f774095b8eec7512329ec72ce3f2fc8ebdb0b5e6e56282a8b774b9a323c558b928cd9bb732d567a7a468c6e375d149ac4b9a737825af3b564e5be95a8bb6a012b75313cff9c573eb4c51494cc7960df638e0f35d9f6ce88d551d4b0804119ff34fbae3142d3495b352bb81396abfb9ca9c22e765ed5a88b92e3a7e3cafccfad6dba3a9ef34ee49d71c7cd469b7d640f0e8da491c1cc729f45155aa9c16dea8dfd5f62e9b512dff000bf43422b95fe38f77b491c3f8b04af84aebb559fc473867993852c89cf54dff008a228761c21c2b25822e9ad001de9dfbc7a37f55251c6c8dbbac68681c82f48a1b2d9d9f133474da1a34abeea3cf9f884445116cd3b9d309e9c903becd4155e3cd5927ac8e2a98e07717713d3a2afd53772a2568e01c42d5d0b925b65f34711ed1574b9ab2b7cf467c91115f3983eb4cfecea237fe5702ad21547a156b88ef44c3d402b37b423f0b3b1f65ece2c87c99ed111669d6808888119725a17e97b1b3563f87e111f1d16fa85db09372c337f139adf9adf47929ce51114c302222400888802e9e8fdd9654c7d5c0ab9b259282a3789dd2ce209c021738d8cab753dd0307b320c15d1aff003453c406e35ee2c0d38fde71e038055a4da6d345eeed4f63f32a1b737ca7b8d5d3c31c81e1920749ba72063c7e2a62e56766d0db228a0ae861ec882c0f23047c5475b76066a8ae3be77a3075c0e07a78ab7d2ec0b37b0f738b47896fd94165ca38dbc16eaa6b49a9cbf059fc4aed9766ae3687662bed3c2cce4ee169fa952d3d55a29c9355572dc670346968233ee2a7e0d85b7b5c3b48891ccf6bbdf2c29ba2d9fb6d1b408e96224707160cfc82a966a5327846a4fc5fe5fcb39fcc2f57efc28a13454b8d37b4faab36c9eca51db1a5f182f91dedcaee2e3d3395669695b24a1ee712d030198185b0000303828657bc610b64bbcc24b097800b288ab88455ee06c8cc91ed34b7fcd42e2fb454062bb36468c39aecfb8f15de2aa3ed607379e345cbb6d687764133070d4f973e415ca64dc1a5d51368a518ea5467d25c7d7c3f32a6888a03b80888800888800bcc8f0c639ee380d195e9465eaa43631034f79dabbc949556ec9a8a2a6bb531d2d12b5f87ea44cf2ba599d292724e4782f0e717b8b9da92739582b0b7e314ba1e613b2526db7d790888948c2b4d2ffb68bf942ab2b4519cd2447f842cfed0f862755ecb3fbdb17a23ec888b2ced00e288881197355cdb9762cec1d651f42ac6ab1b7a716e807597ec5740ba9e48ca2a22290684444004444a059761e28df7091ce1de6b721748b55136a6ad92bc12d87bc0634dee5cc2e61b1b3765786349d1e085d8b67f7042dcf1dfd7fcc7dd52bded8c8bf16dec69f83fd5966a3a56c0c048cbcf1275fd56ce165161b936f268452482222414222f0658da482f682391285c86707b4585940054ada2634869c8237c8c787c4ab5d7d63296271275c7c3eab9aed5df9ac69ddeee01c6bc3c7805734b169ef7d086707749570ebfa7a903788a9a19da22d1dc5ed1c02daf52b7d441da452f65a6bdece3cc2a2d5dcea2694b9af731b9d31c4f9af3fb4aab000931e380aead349b6da5c97e7dab54611ae364938f8af1fa13f53139f96c7339983a39bcd474adb941ab5e256f80d56bd0d754bea6361797871c10429c5564a543db249a36a8955da707656e516b8ce7fea215b779d84892269238f10bea2f4dc6b0bb3fcca4658229862460779a8eaab4b375cf85d8c0cee952425a79f128e0ab7d1da9a74dd566f5f4c9f396f2e2dc4718693cc9ca8c91ee91c5ef7649e256382c2d2ae9857f0a394d56befd53fbd9670117d58cfc191e790007995f2ce53d3c956507149bf108889c46159ade73450ff2aacab35bff00d943fcaa86bfe04751ecc7f7e7f2361111649db01c510220465c95676f466db01e92fd959957f6e19bd660efcb2b4fd57411ea792339fa22290684444004444a06d5b6734f5f04a3f75c1769d9faa04ee6f6048039baf3f885c341c1c85d4b65669ab2d70cb0b5ce7c4352de2156ba39e1f8972b6dd5c783fd4ea54352268c34b817b4750723e256daa7dbee4257358ede64e0e9af1f2182ac305c016e2663c11cc349cfc82c6b68945976ab9491bebcbded8da5cf706b471254755dde3a766f630d3a6f3c16ebf055dacbec92bff0839cee1976a3dc00096ad34ec0b3511813773bd47030863874d0824f96b95ad68a4a8b83fd72adf2362ffd36071f8af95a2c72d43c555c778f36c6ee27cd59c0000006004eb271a96d875f31908cac7ba7d081b85d9d698242f7b5e233a6f6a7dfdecaa5d47a5980c862f559373382f669f0d55fef1688ee503e370cef8c104e02e65b5fe8f686d1659ee2c9df1491ebbb9de69f92928ee658dcb90b14d478372f1b526ae884f4b154c91386f07104e5738bc5ce6ad710f6b9b9393bdc4af16f8aa6a1cc8c4f2321dd73dd871c068192579bcd21a1a98e12f7173a2648e0ee2d2e19c7d15f85515259127a9d94b8c161bebe6ffd1a057da962134cc8dce0c0ee6be2b3a8e6ad3ce308cfae4a324e4b2bc8b3d15a842d3243148fe5bf8cafb1041c1041f151d65da296deedd906fb085b972da5a7abdddda6707b78bb3c5655ba6b1f2de59d9e93b628ada8c528c3e7caf9a3eab4ee9388699c01c39fdd0b51f787b81eca0c63993951d51512543f79eecfd92d1a39eeccfa0768f6f53dcca14f2df19f03e25642f4c6191ed63465c4e02f73c5b950e8da77b07195a7b92e0e3555271df8e338fa9f595bd9dbe2eb23cb96a294bc3047053307218fa28b51e9e5ba3bbe65bed3afbabbbbf24bf40888a63382b35bce68a2fe5559563b51cd0c7e195475ebdc474decc3fea24bd0db44459277011110232e41446d6c7da586a3033bb877c0852eb5ae707acdbaa61c6af8dc079e17408f25394221d0a29060444400444400575f4737475354be0247500f30a94b6ed756ea1ae8aa1a7d93af884cb23ba258d3cf6cb0fa3e0fd0f48c8eb69c4b4f234b80d5b8d7eba2d0b9cf3d3b310b3789ce5c06777e6542592eaea7745550bb7a378c91d42b9ca21ada76d4c0e04bc6a338cfc965ce2ea9a6f94cb2bdf4d7468e53b43b5028aa0c5874951c5c48d0294f477b4f415d77f57ac688e7737f05cef65c7a79a93db6d888ef341eb740315718ceee38ff000e005c65ec9a96a0b1c1d1cb1bb8702d215a8ecbe0d26249f758cc563cfc7f13f548e0b2b976c37a4aa77d20a3becdd9cd18c32a08c878f1f15257bf4ab66a1ee5031f5efeadee307bc8d565bd2daa5b705befa096ecf05fd72af4a97c8ee9353582df2b6591f20ed0b0820741fe74550bff00a41bf5e1a62f58f55809f620ee923c5dc5415b2b451c8f9f27b620b5aee3bb9e27cd5ea344ebf7e5d4aff68564b6ae116aa4a3a77d4ba2610ca60dc3dfd208f573bfe4ecfc14759e8ced66d6bdf2b48a773cc920e1860e038f4c05ad3dca79edefa5a4a791a26dd123f1c58de0c1e1ccf5560d88bc5ab666dd572573f7ab6770018c3ab5a14fb9c62df885b4ca524d2e3cfc0fa6d86c1b6163ab6cc098da32fa7c82478b7524f92e7a461d820823882ba25cbd263dd96dbe91cd1c37a5764fc951eaee1255543e67470b6479c921a9f53b52f79114eba9aceec3f4e4f807c78cf6637b98e47cba15e8ccd046199c7027da1efe6b668ad55d71de7c51b9c069bc468a5e9b632adf8334d1c63c3529fee6702e6c4b2b097d115c74ae2ede680c7732dd17cce49d78957a8b64adb4d1992a65924c0d7277428aaa34144f718dad6333dd0465c54765eabc24b2cb3a5d04b57ba739e22babf022e86314d0beae41af08c1e657c6df199eb9a5daebbc562baadd552671860f65ab7ec90eec4e948d5da04cb24ebadd92eacb5a5ae1a9d557a7ab98439cf9fa9f1bebb32c6de8d2545adcbac9da563f1c1bdd5a6a7d3c76d6919bdab6ab757392f30888a633c2b15a3fd8b3ccfd557558ad231431fbfeaa96bffb68e8fd995fd53f91b8888b20eec0e28838a20465c965116f9e4a72bbcd31a4ba54c38c06bce3c8ea1692b4ede52f675b054b4692b375c7c47f62aaca54f23584444081111001641c158440a5c7636efbac34533b41ec12ba05a2b8d3c9d93dc7b371c8f03d7885c4e966753cec95a781d7c42e8d64b88a98db13dddec65a7a8552d493d92e8fa1a51aa5752ee87c51eabd3cff0093a65355f64f3900b1dc40c7f52a97a42d868ef113ae96b6b455019731bc241faa98b1d436ae334f23c899a3ba49d1c3e0a4e19df4cf232e239b483fd2a8352aa798f542c66a51e7a1f9bea29e6a699d0cd1be391a705ae182bdc54751363722763c463eabf4654dbacd7425d3d345daf12e73707e24243b2d698f56d3b71e43f453bd7e163186257a5af39965fcb070086cd3b8805923cfe58d99f9f052b4560ad690e8a8e38cfe69ddbc7e0bbab2cb6e60c0a68ce3a80be82d540d3914b103e0144f5a9fc592d2db0fedc12f9f2ce26ed9badab69eda4ad9cf002388b59f35ea93d19deaadee7b7b38a1ce9bcecbbe0bb833b0846eb0b1a072ca8eb86d25b2801edaaa36bba3b23ec991d5599f750b6a56c545a39d52fa2e8212d170ab9378f205a07d54ed0ec7d9280f729a195c383de41cff00d96a5dfd225a9923cb1ef99e341b98c7d155ae3e916a66eed3c5b83ae7195663df4d7255708c7ae116baf6c30d4bdb186b236f4391f52a0ee57fa2a1691be1efe8152ab6fb71af7ee9948defdd6f3588ac95d30df73086f12704ab0db8ac49e029a14de6b8ef7f823ef74da2a8ac71ddeeb79787b9460a7aaa8cc9d9bdd9d778a99a5b7c14fae37dff0099cb62a1dd9d3c8ee8d2ab7daa31962b5f566f47b16db2bdfa99e12f05d11598e37492358de24e02b2b1ada7a7006818d51765a7de799dc320683cd6e5da5eca908e6f3ba126aa4edb235a17b2285a4d24f552ead71f244048e2f7b9c799caf288b512c1c749b93cb088881a158ed7fec62f7fd557392b25b3fd8c5e5f75475ff02f99d2fb33ff00932f97ee8da4445927720220e28811973584595be792911b5341ebd6894346648bf11beee23e0b9aaec070410782e61b4143fb3eeb34207709de67914f8bf01191c8889c34222200222200053b62ab701d98761f19cb7c9412fad34ce8256c8de23975515f57790c2ea68766eafecb7a9be8f87f23ab5aeb4cb1c7511bb76469d71c8abadbead975a7c8dc6d5346adfcdf3faae55b3b5ec32000fe1cbcba156ba5a8929a76cb11c39a7e2a9edefa1ff2458d752b497fb9cc25caf916876f0382d68c788fea58924aa31811543a3c788fea5f6a5a88aeb076aceecedd1cd278fbf0bc1ee9208c11c411ff00d555f1c35ca22eab2ba1aae75d4e8dab69ff0097f75e7b1be381ff0056ef88566a595b2c2d7378e304745f651fda30fe1448a8cf3939d5c2c15f54e226ab9093cbb6007c150f69764ae3421f3b0be7886a467242fd0042d1aeb7433c2f1b8012093e3f15257aa4a5ca249ab1c3639707e5f271a20565da8b652dbeff00550480b5a487331a0c13aaadc8375e599f64e16bc26a5d0ccb68956b713fb194f0545cdddb00e2c665a0f557f000181c172db3559a2b8c1364801d87792ea2d3bcd0e1c08c848d7bcc24fdc8e3feb2bd7a804559bcd0035e33a755097324d2398d049790d1f1567da166618a4e60e140b98d7169233ba72164dbf77767ea779d9d296afb3d45be7183c52c22081918e435f3515732faaad6c11ebbba7bd4bcd208a273cf068cad2a08bb289f5537b6fcbbc8229938e6c7d7f762f6852ac8c3491e23d5ff00f28859a33148e8c904b4e345f35ee67992473cfef125785b51ce164f3eb76ef7b7a04444a46158ad473431f867eaabaa4ad157d949d8bcf71c74f02aaeb2b73af8f0373b07550a354b7f49704e2222c53d0804408810b9ac222df3c94caad6dadb7d6689b591b73241ed639b7fb2b2af2f6b5ec2c7005ae1820f3084072045237fb73ad971921c1ec9dde8cf505472946844440811110013922205242d156619c465c775fcfa15d16d958daa8064fe237470fbae56d382ac964ba381690fc4cce3fc4154b93ae7de2e9e26de8dad751f659bc497317fb1d0692a65a4984b13b0471d71956ea4a882ef087b406ced1de1c33eecfd55068aba2ab6774eebc71695214b532d24a2489c4387cd32dae36c7747a941a9e9a6ebb163d0b853ccea49882c70e4e6e47f52988ded9181cd3905445b6e34f7484365d256f1cfeb8c293a78040080e27279e3ecb2ae587ef70cbb53e38e87d960acac150931c53d2e507675f054b5b80eee13eff3540a8825a77964ad2d39c2ef5e91ac9fb52d12960fc468de6f98f72e5f7caba5ba6ccd37e0363b8521dd99c38bf181afbb0b6b4b77b88a5753bf95d71fa150caea96491d3d9e926209cb0027c42e56baaec9e1fb1d01cead908f99ff0038ab763c60a31e62d1e2f4ddea079e84155b564bd481b40f1cdc400ab6b2b58d778771ecde7ecaf3e67896312b435dece724755ab77c8a1760e350b75445eea410d81a73cdc99a68b95892f02e76b595d3a5b24fab582239227245b879b8444408101c6a888153c161b6557acc1871cc8cd0f8f8add557a3a87534ed9070e04750acd1bdb2303da72d2321636ae9eee795d19e85d89da2b554ec9bf791e8220e28aa1b4d97358445be79299458594010db4f6afda5404c6dcd4459733c7a85ce1c0824118238aec0a93b6365ec5e6e14edfc379fc5681ec9ea9f17e0232a88889c342222002222002f4c7b98e0e69dd70e042f2886b3c0e8c9c5e5160b6dcc485a1ceece61c08d32ac94b7a73406d437787e66f15cec2dca6afa887ba1c5ede8ed5529e9a507baa78f43a1abb569d4c155ad867fe4ba9d4a8ae1197b64a6986f8f710ae168da013011cfba1de78f993aae1f05de17637c3a37751a8535437d9598dc9db281d4ea3eeabd8f72c5b1c3f31ebb32b93dda3b53f47c33bac723646ef31c1c3c17b5ccecfb64d639a2a5d2308d03b39c79abb5bef54f55187b646cace6f664fd951952d7c2f2453aedab8b62d123511896273080721708f4856992cb7874cc6e29eab3903807731c4aeeec9e291bbcd7819eba2a87a4ab436e76398b3bd2306fb71ae0852e927b6787d190cdbc6627042ba36c4d4e766c41d253fe7cd73970c1c731c55bf626e11414d510caf0d20ef81d56d598c65999542536e315cb252ff3174cc841d1a327cca895f3b95ce2eda49247e5ce3a346a54255dce59f2d6fe1b0f4e256577365f372f03b686bf4fd99a68d5279925d1799bb70b908f3142417f37720a11c49392724f35828b529a6352c2390d7f685badb374fa782f20888a52804444004444005edb23d9ecbdc3c8e17844349f51f19ca3d19b0caca869d2793e28be038a26f750f2265aab97f9bfc59d81161653084222c2002f32c6c9a2747234398f18703cc2f6880399ed0da5f6aad2d19303f58ddf6514bab5ca821b8d2be9e76e8781e6d3d42e6d75b64f6caa30ccdd38b5dc9c148a591ad1a48889440888800888800b6adb208aad8e3c09c2d5407183d13671dd1689a8b5d56466bc1978add9ca7afa5654d30dc90b7240e6555aaed7534af3969701c48e23dcae5b255feb149d9b8f786a3eea5ab2861ab1df6e1fc9c38aab0dea3eef8781ad74a97738deb87ca92eb87e7e673186b6a61d1b2b881c9daa97b75f1cc783bee8241c1cd3a2debad8830973e3d3948c1f555fa8b64f0e4b7f119e1c7e0a37dcdbc496d65b8ad6e963bea97795fe3f97817da0db0ae8f0643154b7c4007e21493f6ce19a9dec969f7379a46739c2e499734e35056324f1253a3a369e777e455bbb4b4d62e69c3f478366e66235d33a139617642d7648f8ddbcc7169e190579ca2baa3858663cecccdce3c024939cea888948dbc844440811110011110011110011110065bc516071440e47600b28b0a21421444019458088032b4ee76e82e54c609db9e6d70e2d3d42dc58ca00e5f78b454daa72c95bbd19f6241c1ca3d75aac869ea299f1d4b58e848d77b82e697aa4a5a4ab73292a993c47518d4b7c09522791acd04444a204444004444012db3d5cea4ac6eba38e9e6ba3c32b6689b230e5ae195c8c388208d08579d93ba0999d8bce09e5d0ff00755e6b64f778334e18d4e9f67f94395eabcbe859880e182320f25155f666bc7694fdc771dd3c0f929652d6beceaa9dd4f2b1a4b7d9278807a68532f8c5c7de447a2d5dda69e6a963f4672faeb746f716cd1ee48398182a22a6d53c6498ff0011be1c575cbad859230b833b460e1a1de68f3c0554adb449082f89dbec1a91cc2ad176d4b307946fab741da1eedf1d93f35ff7f5282e89ed38731c0f42179231c410adaa2af8e686c4cc0dece73cf0a6a758ec9a8e0afafec08696995cacce3d086444578e64222200222200222200222200222200c8e288de288151d7d65616544382c2ca200c2cac1385ceaf77eb854cf2c26631c4d716eec7ddcf9a12c885d2e37bb7dbf2269c178fdc6779df055baedb399f96d1d3b631f99e778fc155325149b521326d56dc6aeb9d9a9a8924f02741ee5aa889440888800888800888800b6286a9f493b65613a711d56ba225152586495592ae4a51ea8ea769af8ebe95b235c0b80d548c32ba191b234f78705ce7656b2686b046c7777234f35d09568f8c5f816b555a5b6d870a5cfc89c65e2031e5ec21fd03323e3951153289e77ca18181dc82f9af1212d8dc47103288d71865a20dd29b48aad635acaa95ade01c70aad72984d54e20f75ba053f5f238433499ef104e555cf10ab68a09ca533a7f682f9429ae8cf865fd0f2888b48e442222002222002222002222002222000e28838a20723fffd9),
(2, 'dona_huber@gmail.com', '$2y$10$Zk647HzbZEngXbyf7dd2MurHoKEa3IX8yyuHWsBFXDKBmDiZ/oO5y', 'Dona L. Huber', 'user', 'Active', NULL),
(3, 'roy_hise@gmail.com', '$2y$10$XlyVI9an5B6rHW3SS9vQpesJssKJxzMQYPbSaR7dnpWjDI5fpxJSS', 'Roy Hise', 'user', 'Active', NULL),
(4, 'peter_goad@gmail.com', '$2y$10$n1B.FdHNwufTkmzp/pNqc.EiwjB8quQ1tBCEC7nkaldI5pS.et04e', 'Peter Goad', 'user', 'Active', NULL),
(5, 'sarah_thomas@gmail.com', '$2y$10$s57SErOPlgkIZf1lxzlX3.hMt8LSSKaYig5rusxghDm7LW8RtQc/W', 'Sarah Thomas', 'user', 'Active', NULL),
(6, 'edna_william@gmail.com', '$2y$10$mfMXnH.TCmg5tlYRhqjxu.ILly8s9.qsLKOpyxgUl6h1fZt6x/B5C', 'Edna William', 'user', 'Active', NULL),
(7, 'peter_parker@gmail.com', '$2y$10$zWzlyMit4MDbicnkRbcXoeszP20RHv/PZBUN4ETFXYiXdncZPgI4u', 'Peter Lee', 'user', 'Active', NULL),
(8, 'john_parks@gmail.com', '$2y$10$WtsZUxIIz/N4NoIW0Db.pu0VfLWcPs6TyQ8SkpVHLDLGhdNOfALC.', 'John Park', 'user', 'Active', NULL);
INSERT INTO `user_details` (`user_id`, `user_email`, `user_password`, `user_name`, `user_type`, `user_status`, `image`) VALUES
(9, 'jd@gmail.com', '$2y$10$.TVyEPky625aMejZu1i8J.gyt98VKSnXEMdagUnYb5wsa3578sN3C', 'John Doe', 'user', 'Active', 0x89504e470d0a1a0a0000000d49484452000000cd000000cd08030000002c62045b000000017352474200aece1ce90000000467414d410000b18f0bfc610500000300504c54450000000101010202020303030404040505050606060707070808080909090a0a0a0b0b0b0c0c0c0d0d0d0e0e0e0f0f0f1010101111111212121313131414141515151616161717171818181919191a1a1a1b1b1b1c1c1c1d1d1d1e1e1e1f1f1f2020202121212222222323232424242525252626262727272828282929292a2a2a2b2b2b2c2c2c2d2d2d2e2e2e2f2f2f3030303131313232323333333434343535353636363737373838383939393a3a3a3b3b3b3c3c3c3d3d3d3e3e3e3f3f3f4040404141414242424343434444444545454646464747474848484949494a4a4a4b4b4b4c4c4c4d4d4d4e4e4e4f4f4f5050505151515252525353535454545555555656565757575858585959595a5a5a5b5b5b5c5c5c5d5d5d5e5e5e5f5f5f6060606161616262626363636464646565656666666767676868686969696a6a6a6b6b6b6c6c6c6d6d6d6e6e6e6f6f6f7070707171717272727373737474747575757676767777777878787979797a7a7a7b7b7b7c7c7c7d7d7d7e7e7e7f7f7f8080808181818282828383838484848585858686868787878888888989898a8a8a8b8b8b8c8c8c8d8d8d8e8e8e8f8f8f9090909191919292929393939494949595959696969797979898989999999a9a9a9b9b9b9c9c9c9d9d9d9e9e9e9f9f9fa0a0a0a1a1a1a2a2a2a3a3a3a4a4a4a5a5a5a6a6a6a7a7a7a8a8a8a9a9a9aaaaaaabababacacacadadadaeaeaeafafafb0b0b0b1b1b1b2b2b2b3b3b3b4b4b4b5b5b5b6b6b6b7b7b7b8b8b8b9b9b9babababbbbbbbcbcbcbdbdbdbebebebfbfbfc0c0c0c1c1c1c2c2c2c3c3c3c4c4c4c5c5c5c6c6c6c7c7c7c8c8c8c9c9c9cacacacbcbcbcccccccdcdcdcecececfcfcfd0d0d0d1d1d1d2d2d2d3d3d3d4d4d4d5d5d5d6d6d6d7d7d7d8d8d8d9d9d9dadadadbdbdbdcdcdcdddddddedededfdfdfe0e0e0e1e1e1e2e2e2e3e3e3e4e4e4e5e5e5e6e6e6e7e7e7e8e8e8e9e9e9eaeaeaebebebecececedededeeeeeeefefeff0f0f0f1f1f1f2f2f2f3f3f3f4f4f4f5f5f5f6f6f6f7f7f7f8f8f8f9f9f9fafafafbfbfbfcfcfcfdfdfdfefefeffffffe2b05d7d0000386049444154785eedbd077814e5fa3e9ceceef4b22509bda8f4a2fcec024a1110942ad2444454149583d2d4232a55403a58108e08485104a5079022220a481308bd070809e95ba697fd3fefec8493001b92b09ef35ddf756e4276777633ef73cfd3df796736ce7d7b78febf035ba268f81f9bff226c89a2e17f6cfe8bb0258a86ffb1f92fc296281afec7e676f04660bf8297f69318c096281afe43ba89cd5efe1b6cecbf2af467f6061bf6c632c1de4534fc2d6cac5fff3f61732b5cdfcd1dee0eeda718fc8f4d4950e4cfaeefa6e0b1ccb076101d7f5b14e079fbe58d125cdf5e16d8fb888618b2f17adc28b7c0c7ddbcd7c379dc3e2feff1797d096e2fcff1ac87478987a3798f37f206bc42fb2e5536b2258a86d8b0b112246282f8f8e097cf8ba47427787937eba6399ee7182fefe5687702bcc3f1f0cb63e9a8b48ab7258a8698b0b99ef9d187bd6e8fcf87fec8ebe63c3c97e0767b7d0ced71c37f1f280534e4f37938b7d7de71e9f858f24447ecd8b8795b3adec3b16eaf87e1799ea1199a24309c82079a625896830fd12c620c6cacbf2d1d6c89a221566c100b1ef1e1390e64f5b0bc87226887c31987e304fc10b833dee97211bc87f5b27c447948b6c80e4a8c8840511123bfb1c6015f777bdc5c024ff30ccee01853bd61e3369d077c32fb9bb973e64c7daf7be3aa3c89e338c37b79860315a203504a3a1181a222366cd030a01a1e7d9aa7498621fe6fc827e3bfd979eefcc52cbfa229baa1a9a19ce35be6bcf66039c689d314c57294b5ef526ac7fe9b68880d1bf810cf837159eec3ba089c6c3b79f4fb133eff7af6ba6ccd3415dd34c2ba0aa40247fef57a434f1c4693246befb954742c79a223166cac20c601782fc31134f178bf579feff5d28bbd5fe8d5a9c390539a81a0033445d134593c38b3a5c74939691a4cd3030e14098725832d5134c4800d4a1ef021c8333441e19cabfa1717ae5c0b0981606e7e205fd443861941d844ac34550f9d9bfd184f132ccdfa1279165292b59b1291b2258a8618b08103ec813ac697c4d21e8a2269ecd1aebd067e3061c9ee1c4593d47018785c07d291023839f6410fc9d014e78520588a5ac796281a4ac2e636f0f02ce74df0723cce5155fb8dfcf4d35123478d1bf7e9bc4301550fab61a9800d3c9886a6e9ba11162479cf804402671926b28bdbca5932c44037918ac6e361284785af3383aa145055013c4485ff86a945a8d840c6a6caaa6eca72e6ec363c4e70891611abc82b01220245450cd8b8bd09091e96617127d7ef586e56564e566e7e5e6e766e563047f183a7d8446c4074032519a2a60577bfe22539026a062053501bdd06b644d1108b28c0319e040f856155cbb77dbd6fcf1e5d7b74efd1b3c7f32ff4edf5c6b1b0068e5304607710b365c39014e9c87b951d508f7248bd25832d5134c4c26fe03f8dd3be7e4bb66c5fb36cddfa8dc96b37ac5fbf393979e3b66b8aa6a36816e11179b0a087655d0b9a99d3ea6324c5f9a0d6b632ef9de20e74e343c119d205d4292c1be779fd8ca28b8aa2aa8a2ca3b025cbbaacaba662cb5f0426f88f1ef20b46704113284c21b2a1c31ed96db1b0258a863bb7341fc751244e541dba61c3fa4d9bd6aeddb8694372f2864d3fffbcf9409eae870d9b401180be0cc3d44d510bad7fdc81d3d036c081b177581c6c89a2e10ed8c076e4bed053d2f1f73ef7c67b1f0d1e3ce41df879e76dc0a0816fbdb3200dcca9684c2b80954ef5b06e86a5e58f1138e1f6321136c55342d1b338dc89df586c3c1c49b3ad569f0fc962400e056429208a82208892140c186075c62d9583608675c3c8d7fd3f368887bceb81ba0d1d7bf4ffd688119bc871b90e7b6b848d87a370ace5d68066845514be4cc500cfd775155ea9a1b0ae80c347856ee8aaaef8bfac46d1d0dfa10ac7da6b74fc0d6c0a8014e3e119924cecbf79d396cd2b3780c36cdeb476d3868d1b3722d7391e968049e1485614ba6186555d32a5bc8f98788a4db0d8dca6e1b1258a8632b3811ec00a673453b1ddb39d9feddcb97b97ee5d3a75ebdead6bf7ae9d3a767aae67ef6550d918ba6ccb7e3380aaa687b5b02c9fe986611eea766cd03bb644d15036bf419d19cf011b701a7e645a46c6d52b57532fa7a5a6a5a7655c4dbf9a7eed5afaa5f3399a08b2a29f285051e516d6b43c75cdbd84c3ea43111b7b8cb2a00cbab112376c6612dd2c83c7b53f9c9e9f2bc8215195454986aa19da1880668832aa30a35b5a018c809e378127b884449e87701fb52c8083f7b7581ada0887d2cbba311753b347efbefddff970e2e75fcdfb7ef9c65d29e72f66f881161042865602369a91ab9c68ce3a794f12182e0f49f9d6b04ad3e25156bf419b590f8625b479f1e5175e7ce5a5debd7af479f98597060c1e33e6abf93f6c49c956905e508eb4658e0e28b3656da90773d35e2860a32751f44644a0a8287314008be31917d972aba848b2e8cf0f094131200505312440c2b1a299d56d96c0d274d9508fb7837a82f581caa35bda6dc994858dbdd5cdb0f1b4e391cfe62f5cb965e79f07534e5d49f5fbf3fd7ea414a8c222340af79d5101f9d59016d776d0848f65b8047b989bf0f7b27153acb34ed7f707bff242a776cf74e8d8b56b8f97fbbd33f6a0602a9282c8948408821a363455bffa3246601e34c9660f7313fe1e3605488c23effaf19a28cab9d7b2b233af9c3b7170cba61d3b428a0c566640d7595236f0e130d440eb2b3b299e66b9e2d8dc8e4ed9d8589b0927d62355331455328c9064284ac880e4a188a018a826a127b3442d01292063eac6d9f624b43ac5f4a0318a693703b21cc7e16ea24bf2ce5dfb0e9eb894999deb0f0901411225a8d234153129b16a105f13fe68214d5295dcf4f5086d8f551a94453770fcdc3ccb100eba4ac37bead56974ff23cd9feedcb953cf7e1f8c193773f1b6e35744285ba00c2d394c4353e4d30f1104c7a3e22f2a6c81a2a22c6c7c093e8f9ba51d6c9f7153274c9af8c9f80913268cffe493311f7ff0d1fbc3c67eb664db05f17afb5c32001b55d1dfa549928b9a3c2dd812454399d8f8403b1cc936daa1887258429db3a6a9b22e68a2ac0724646c3af29c5200f2acae6da94dd0b43b6a842e81ed95c16fd07ebd1e06277b1fbf9c9a931bf40b0a74658a163250f25445a082266b4b6c69056a34b25f8aa34834c116813d5c11dc662ea42cba41fbe448175ebd4993961dbbbdface07e3a74c9d3167e18ad57f1c4c397e4e953468924be5363684791466f505b74609aaebb2b041b3450c81379bf1f994e9533f993c75caa44993274d1c3f79d2a733667df5aba0009152b341f304c17dff8713346b8f724bd8124543d9d878dc104d670a21b030e431022acd420141f007027e2497259f256549017fa4eb69bd490716b5504372d812454359fc86f57ab878bceaaaacdc3c7fbe1808411c10429226ab414d140c15d1295d4843300d530a7de371121c886cf550e83f1a2e322af8ccedb894493768008a71d34d9febdabd47ef57070e1f3563feb255c99b76ecfeebcc793f9a88293d17c4c690d55d0d308c419d2dca69007b441be8a52d521494818d0f0a779a4cec3fe5937113274c1c3376d498b163c78cfd64fccc390b7edc701a8a945246e708403772f0722b87934127e9a2b0b1058a8ab2e8864fa018bae16e41d021c1c886240ac1a0202986962b0442611929c716b1140036a211fa886070a83cad33a8b62a228302503d1511282a4ae537d63edd1c745484e3d90c3d6caa86097e62e83ac402283e555d95a530743765f21b55328d15892e508e656a888d35a83534001d47fb6934944237056c6097948b69376eec8c99333e9b326dc68ce9d3a6cf9839ebb359d3274fdc242b56ff5c7aeda0b3d6a67ea05e9cb52a07cd07dd68686e08a6b7a153064bf3721e0af30d5e3873e6b4695f2046805933a64f9d316bfaa48d606f65d58d110a07b25bc7b9a0c3b166b76e66134bdd14804de428578d7d60552698166a0022959aa82197810d2599a8b909a81252ccd0101cc225b83b5a8a830ca1f0e8889e255054949a0dbc4e6071e2b1d3a2a8e9d06722bf015d204e404e33815799621af0310d599a4c9274a49d46d367372122505494220a5cdf1dcf1178f379df2e5bb278c9d2c58b972c5ef8f59cafe67c3d7fc182efd66ffe23e54259d9403da41bdffb301aaa01c4e646c4888d45c306bcf4712cce56ac5bf789b6cfbdf0cac0a1efbefbcf5113a6cef87cf682456bb7ef3b9b9dab965937ba11de5383a03818c61eee4644048a8a32b0a193d838eab3c3274f5dc9c9c9f60703fe40489444519204459015532b2b1b74f25d3dfb284f30e0ef9126eac638703b94920dbce23d9c1be766ac4dde94bc6e7df2fa75ebe171eddab5ebd6afd9f0333c39a294954d189d024a7b1a9d73476c6eeadad0d83188d036227be479c64dd064bd962d9a366dd2a4e913cd9a356dd2b809fc7fecf1471bb768dc64ca9db0d18dcc3e2e0ad8002cbdd843db400be08a45a97583e6f13d4e66d199c3078e9d4c397cecf891e34753108ea59c483992722c15add4b0c52b2d74d3cc1be2a4d948c77693a179a00cb1458a8232b0e17886c4e68a92d53e5b2705d1193f55b5a6d614355c66bf41b39ec14f189a89cc10de44c61bebec89aa75962359d7b02b399979d9397979f9feecdcecac6c789a110866e542f756d2dc79abf2c7943ea769d2c741bd5178581be80c58b128addfa052a91c8f6395faf6eadda3679f9ee8e7f9e77bbff07cf7ee2ff4eed46371e09642de12b766f3054d115e60835618df8898b0b18e4b04880de5f572ce0edfae5ab3f2a7553fae5cbb7cc5ca95abd6acfae9a79fd6ac5e71042d772c299b5b1573d2570c497879cf2dfa69244a8cd9007c1ce3a6eefe550a85c32ad43350dd80543a18986ca88a26955837b7284dcdb0f42f60e30136f6804500e5a825505494818d87f3b10ef6f1a1a3be9cbff8a7359b76fc9972212327273708b10032270a4cb66cd781e609acad451e517987607d04004f80cd7c962423c3dc0ae88d62505abf01f838378b7b1ab56cf564cb36ad5bb66eddbed75b1f4f9bbb64d51968d75405c9688b5700d4ef14004d1dda8f91a737b2f916d88087c070d6a0851173ddc01090d638067b38392df572ea95b4cb97ce9f3973faf4e91327ce044c43833ef42643033211d9a1438516552d784441bdf0a7e1991196167324890ced66dd2049fe06366e9e25dccf4dda7c362b0f1567baa6a86064862418a60a0674231b2003e2a33e0880cebddb8fd01441a62ac4c6446c96724484cdcd610018da12454369fd0602b48748a4709264aa3579ee1fa33e5fb06aeb1f7f9dba9c7e2d372869a08422ab8440545418ab6a48f1a7ecdabeeb64d050652d2b4f542445118ffe906ac8fffe383ab7682a3f97c718b034247a1178bdac8f89059b42808e9d67bc2446d1384e13ae07468d78a7ff8bbdba74eef5c6875356efbea2dc90442c366658f76b67a6b46b54bbd1339f5d0e4b1747ce17a5b0689cee5577aca2813eae03b4a86cad52c0a628d04238b442a158942a0aa0fc0519ccc7b869d249b808e7dd138f66675d4abd74f1e481df36afdd7c3468ca37adab316455967eeecab91c24115f75cce57072b56eb9b269e6fcd3eb7a25bf506b672d5fd576d670d1b7625382398e52599af51c76c83bf00a8d9bb679a8615506a79bccc83465e86da09f46aead9b7ae1a58f966ec2bab4e5b178ce5db56a623947fd1fc465beded7a0a0fbba22d1708d18360a2d63354d4ddc59ab808d3dec75b009b1aca1915e001c4f375e7f363535f5c29ac1d528bae6765d865066e868c183aa204ffe3750565103c61f4f92b5df9eb37ac7ea192d99377316faba668bf286fa44ddd592a114d28d957bceb676d230ca2dd858c6513c4ae93770d4b8f8847f09613dacc8c695cf6bb9aaadb3e66d34086c3228482ea21a20a3ab7ac64b9e1eabb3d08a8dbcb5751a9e5942f70d067f6d4d559b99a1a8e054f68701f069e5f4934e0ab1b9b94ef3b0901cece751502abf818ec3cd31c4dd8b0f1d3b7f36f5f295ec939d48cf728b8b0c410a4c4d0363b14543003ac075e15dbdff54a1b6967523a3bd6fe5379ebef9a7da13eef11961a851ffed6756fcd0ceb6b4d9dcec38d0f4c6200ad89ab6fa749ea15cf73c72cf434d1f6ff3549f57863dc632fdbe59b6feb74327cfa56566e58b45124844395a5aebc7778b50bf998aa15deb5a7ec15789034ef4a4d8919725d104a7291ca2c156cf5d677323a008f1155c821405a56083f840154bb867fe9366710ac33c8fb57af4b1c68f376fd2a4459b677a0d7877f4e76bafd9d36bd7a50b9bf2f272e3154d04258555f1726bcfd225e5dbf621a83e270db4641afcccd0c3e84c5cc48194f4679d149a1e440baded610be0e5e9c8451451513a363008872724ff93e29c38eeacb4e45ccab933a7cf9c3c7eecc881fd078e1cfeeb443e3a4d5800b406cad4429f26fda8680618a02a6afbeadfbd6d11572dd157f9932c703c153816fc4144a96a4657d7753645e980beb8187604f0c40d0567b5195d302711efa47ce32f89fe006a9c51b929074555851855d86fa03690f3deaabc5fd1c3a007287ebef43e7b7c818f2770e77d932f8806d46cf01928ef50c51061730dd844b28d3de8f5e1d1b588b1f39b0236ee077906e7298aa1ea0f5db43c79cb6f7b8f1c3d713e23371410255516a054b39820e89a2ee7f6a9b4134deb6a46d03cd4d93d5e9ccb4115c611dc802d129ac886f6ce3aef6be9c654906e5056b939427b7d31cf9e6e166b31ef09d65db1d9e0ceb4b342c3daf73ef448b3769dbaf6ea3760c8c839dffeb06edb0534ab6e1382e3aef8dff4cdd54c411202d2c5a9951bfea1fecb57f38dd12daa73648f5f827a5882502f4b48a1f037a6097e8351604f301e8a3a0891d1919d27de4635a56283ea00378375cd5a3775d1d60bc17555d8e77fd9b3f78fddbb76efd9bd73c78edfb6ffb6e38f7d7baf40b91cf101cb6f74f153b2fdeff9615d17ae7e5acdf36eaef24dd537ceab19c97d2b703d0eea52f8f2e6e36831a405c857e95d30ca9e82ba013ec617c3086d15696ec6d5262d90af1a9299dad6d5f22f05ba6945b67a166860204029686ebc800dbc36d47575d8e7bef8e5d7ed5f3e55cdf9f45f46e02bcf043fd440d95f3d42bd7641cb1d7bef3fd3f582e55fc006741361638f7e9d981b2cedfac65ba30c6c9a9d33d47c5592c40f7cd59605c5eb19c634045d0276284247d84078008ae9437d8eca756b962bc7b99baf5743c617de71212900c5ddca16357e55931bc4bf988e0a02541380a56574c5a9284beedc89b74937a561635df1c3d158d393977f59b9f0eb59137af364e7853fae5eb763f781c3c72e5ecdf443f1a941d805e520c96c3e8abab57179368ef0b0eee73604e45c71263f3600658e2e898b9edc2c4e77254cf28b9073ec0ae7f2330ea8d35032b0872d025ba268288d6ea082e5391aaf7ff8ccfcf7df7ce1a9e60f32145dbb79b3a6cd9eecd4f38537068f18f3d9e2d53fefbd02544c643a4007fd68a2f04bdbaa3c5bbef9f823822cabc2346a948416190a62eefebcc092967d8f42c56a71871fe3426b27a44824b73d6c11d812454349d8d840f538c7d278dd7d626ec09f7669ffa844aac237274f1fbb70e6c49953c78e1e3974f4f4c52b99a01fcbf6d02f8b8d2a48c737ce9ef1edc1a01284965b58facc321192bfae0ae070e6b5bda7c3414836f6a78d732d9c6c44689bc075062528a24bc10675d1c006abb6079247483d3bb20ac995db1c30044d5744d99a8f860e47427317904410214b3e0810212d37a8c98a28991a1499d9fb025019c067a1c316a018d5650935390afa74d83cdfd21561637329c4a6d0f3282885a5a10687e318acc2fc1c2198b9be979773719593f34421a869821e865e1fcd0b6886aa409a816886e8a0a36d5df1ad4113a4ab5097a986a6405c461d1170800a212c40ca816868713140372eb4d2a6109b42b8d5746e6194ca6f38704f9e74d5eafbde47fd6a78299277567c75e2acd98b7f5cb57ef321016409e4044381fc208ad076a50280a21fe9c80c8be130a806e2389a43840fa0da0d5a1ab4e81682057c127543a79a6051d8a06de88d62501abf41f0b869576293673ab54fc4a9ee03870d18f4e63b83de1d3e74c89b53cf094af0e8cf1b37ad4bde9f0f2a8a184e0406baae48b5d40595b406efc05368b1a17606c521ab044eb00565a7a3f71370c8ec216f440cd9a09d213644d50d796917db119e55f9c13f2e8543b228faf3fd011d2a94ac8b97d333d2b33510b620bb9ba8dcb7dc027c0529ccd4110fd4d62095201ef00fb143ad44583bd2004da7d903160144819b5bb8a22885a5a15d81be79829f97e7bff424566e8d7ea8db84cb68964f51a1f437a12d867826429b59b4672b2950296deeaa4ba11bc4142ecfae03f557c5a2345100010c8e70b69bb76e665d876f5edaf40ad5960605098218d435a8a386d40fc5bd5dd9941aa01e29b98a7d86fddf07b1106c89a2a1946cd04b8a769463122bc6710f3edb80703cf0ca988933e72e5ab9e58f7d27cf5dcec9c98bacb3b1e52b0d90eb84c565e518bbb4b487bc0eb421f24e5494ce6f50ade6e649acfee845c36bc5b908c2455468d7bd67af5e3d7bf67975d8a8f1d316acdc091dc1bf5b82d200fc0adc6b810f2db6b38cda12fedf0cec0dc5a114ba418fe81547124ffc2567ccac4ab294d3f3e1996b3979f9fe9cccecec3c7f5e767a56a8e8798c92034d4619f22c480356271d19f40644048a8a52595ac435a111663ec99032dea769a2529f4361b4dcce2a8151fe2f9bc358801810d6a551a88046e314e9d40a604b140da58d02082c4b557d6bf6b2f7923c44fd3997d3b3a09634a15186788b5462d700a5073afd63e6bd46d1d644e72dc9c482cd75a0260addb185625cceaab52a56ae50a961ebce5d074f5f752053b5928aa51ce86eca14055099605c691f47422d80ee48767be16f425974e3732762de36dfef4c4e4e5ebb2979c5ca8d5b8ee58176402da8cd0793b3c9a08c78c37d398a03440153ffb3164ba24b3e412fb7504d6c2dcd7ac97b589e71baff91aac9aaa18a3a948c8aa688503743e505060741c00a03c89b90f559a2960450986bff4a6021dfc098b734b498b281e7a88e76738cdbe348187c4c52822151cc38ba6fdbda9d5bb66ddfb679dd2eb1d0296934cb511a3f5204c318e6a219349b826e28f7f7b0b151b02f48083e86f63af9de5f1fcdb9f2cb94ceb51eecd5a577ef7e2f0e18f0daac0c13ca0244033403b4ac9ebaa4806e22d4c781b390d280cd75dd44462d11cae037d0b3f9dc84cfc750d59ab4695a8f7671c3d2732ee5e68af97e4152c482191bc4c88a0b25856928f2e926840bd8fc472c0d0063705e2fe34de2190fc6ba3082c15c54c7b3821c3620ac692ab429916218f1504b1e02d09f99b2b23e89c6d1640a8c6991b9f15046048a8a52b02978968066b77d9c97a53d344b601481ddbd49d303125434e8fa9590245b4bbc1431acca057aba3dd0315085913881ce1302a1bf8dcd0d00266eafcf3a9f0f3d07c35224f34128746cdda675ebd6ae5db366c3c62dbfeddeb3fbf7df2e69d025206b2b11d0792b39fd69d2c17b51930b2314b0b1872d09cae037058064ea4377e2e430d7a36742c757af5dbf76edba75ab57ad59b56efdfaf5c95bce074d0d251f5bdce8b0d22d9447b2bce26e27eef17938a86efeb69866efa9009151603beaabd15c01c17957089921519224455174053a4855037bb3d6785849a70480c0ae04df26700a1da6eb9676232202454559d8a05f683b9a27e03888d818f1f80bfd07be3b62f48419b3e77fb772e3f6dffffcf3a42a430b5a12d55840aa114e347110e8ee70c8bcaca16e440c3be922b0de40739f10af3d1c81f71e3b6acc98911f8f193b72c47b9f8cfef8d3894b734574958135e5593cd007808ca6095f26519417f668496d0ff46fc096bf814da10db077343683f31f6f3d93276b9208f615f607245194b5305ae259c2a086d828a95d5d349b04f90cf6fc9f67e3f5f9bc606e6e8fcb43bbeb34eefbe1dc159b761e389a9a9e71352b272b20a2d9c292853420a3aadab27b5cb0b7c49b795cc7df646991440dbf5049e5e60897a3ca130f3ed2b859bb4e5dba767fa1efcb83468cff6add1f9724205368e5c9ad81e2195a5199d78b70a2186969210a6c89a2a12c6c50d10164d07678174a6a0f43d05d7ebd9a7ae6d4899423c74f9c3c7ae8f8e963c74f9fb8221ba889bb3d2c36abbde03574121c1d2ba0dd925244a0a828099b62600fc251d85dcfcf3b9a9ae1970242485054094daecb7ef9168b3c6f82015d9a6908177a1024cb81e9dafbbc9de4b742192ded3a909a586f028fc511559a75eb3f68e0d87113a7cffee6bb75bfee3e988fce03a0eead78005f55d6438b2ae2716892b3d84bf26d89a221066c92acf35414de60d8a88f867f34f2fd9123468cfd74fcb8090bce6886529230a02986a49e6ee7f26089917b1347872d5134dc019b82f7f844afdb4bc7e30ffd119404395f913455080583629e2acaa899b665be352004a0531eda95091528d442f3beeb96762b586346c71dfa0d62e34d74f33e8e64d8fb961c0a298aa1a225b5b2ace8ba06ddf46dc9a013bd82b2b5114e3813bc6e28052272ffb7fc060c1d5a04361e277c8ff778e39d77060ff970e6bab332f8363acd517c2d00d915a0eaa7dfa05d140a9468b96d31b0258a86584401c4c69dc4b2a4bbc3bfe67c3163e6979f4f99775881a2c63ab7515cc7869a1add080979937c0e2f9d40db1383d1614b140d31f01bb4781d94c3b104d179a72499a6a46921c984182d001d7493b4a8b0ec0c4aef9f1a5118ede6d1adfdadbe292aac31a3e34efda6303c2eb6f3f6006824e4d7456b85a716d6652471916050f0141a39c3543468587734c170fa76e7664a823bb5b44280c0c6102dd6670784c02f0bd66cfd7ddfb193a9d782683d74944935b4553544656f4f27cfdcc6c46cd81245430cd820d7b1bcc74d276278ad79e946f6ecfe83de1efaf1b4f9eb769ebea6e8a28e4eddde9c78f4b06c1a212db33f4d733e9eb377572c6c89a22186baf1303e0fc360555fdf939f9b71d19f9113c8cc1144014ddd586b3b6e840ae1ce14f4331f9567597433b6c848c50f1711282a62e837e8ca731f05eefcd89c938a2684142d241ba22e29d055df3c1f6d82cfc84a403e37c8477868b0b4db2c722c1162a09bc81185629a4ef4713e9ca1b1f2fd7ecb57e4d35b77fdb96bd79ebdbb7e3d21d927a22d585a82d0604abaac1c7ac3eb628944ce52cdedad007da818c4ccd2e0630c380e4d381c24cedf37f670e0d8aad53f2d5ff5c3ea0dcbf7cbba5ac86f5001802273d8140fbcc8e394872593aceb37ec5d15035ba26888a5df244259c2934eef235539a7b7f98c9362409582e85eb70a44e84241c02a66744356033fb5a50974ba26c1cd262249ed1d454744a0a88885a5d91ff2fadc2ccf91ceb6bf6d9ed1ffae38df33f34e2a6141307445364c396c5f6884cea069aa8802c399cf1b608c874e88f40091dd00ac5751607f241a621005d018682460039e4c610dbe3cb8776557c611ef6b327697a442efa64a3224172bf140456a889aa1facddc5ffb78712f1e39656bede4ce11434b0336d005533855b74d9b5e2f746b559765b947de597549166528f9e5c83d2e0c701ad59014f1e2b8060c4dd10c5f70834e540b449e1583884051110b3676f2b4ae63e60857fd2529a7f203e957767cf41015efaed676e4b62b7ebf14960c0d2a515315f3734fee5cf26e8b04ccc5106c220b31d1fa6b5bc3f6ee00915745614b140d7f039ba4e7874cfe7ad325590fee1fd2d8471309f59e183a7ee9f64329294753f66f5d3677589fa675780ec7700a4b4aa019342387ae2043f926b2bf621011282a62e237880c7ae2767b7912a79b767f71d067fbfc215dcedef7c387dd1fadc2d38caf4acdbaf5ef6d50abb29761194f6295fb9a7469cc903e1615e0009e635974dee60edd2706ba4196026c9030d0199058a599a9172fa5e749622814d494dcf3fbd72f7cfff5768fd5a959e39e5af73ed1f985d7de9bf3d3fafd69d9d36812d44247ea332084e6196f87884051110b3696e1a319699087c19cf463ddfa0d1afefefba3a64cf96ce19a5f2e04cd909477e1f0ae5f7ed9be73ffc92bd9f90aa4525d1666731e025d771b391ee80ca465b3d62f047bf745604b140db1f01b0434bf0e47992531677ca7afbffe6ceaa499d3a64e9e39fbf345bf5f11507046d3e69198662550a806be4d70f0344691384bb1b41b435f8e858e4ca45e034ed6e9a81b60bd171d77e03705fbb71f41315e8a240897fbd96f56256ff9fdf0e163672ea665e664e60b325aba860a80c842029bcd4f3cdfe7a3668483c6202238497038cae7a52162a37d5bba890c825e971077aa1bebedc8989c876671067390359e7de5c5bebddb766cddf6d9e79eedd96fc8374745c89b2a9acf806c63b18192c05855b5fcb7f28eb7efc2709c222917857b089673f3ac35516f991ada77518b8b081415b1b034eb236eb78f2058aa2246dfbbc69fed17fcd295d413474fa6ecdb7fe88a62ca2a5a52789d8ba59cedb53cf3837af6970f332459e599cefd5f790cf7a163824ed7a13da27b9cfee7d8146c8f1c43374f8103bc38a91c9ef8fcbb1366cc5df1f3fe3319f9e8aa700392a6a65a540ab8586cf6d7757fa76b217d6b9b3877f35d3942e82b1fc6703c541028c0a1139fe8a1e8e8b644d170077e630146b0d84014a0b14aa3530fd624bccfb47aeae90e5d3af77efdfd89df9fb37462a0d3b94500cc0edce7fb0e8a5155f9a13e5d754a7ebe78ae83936358886d481f5ed00c677d779e3d524970679616791b0e21cf311411d7efcf7d3f5476b53d1ecccbbe9a9697999691999e6f406b837a1b74316421009bc30f318ba02535cd6b9fb899077629923cc3c7e2e80a0f94b9dc6e16ea38fb6630d761bd111d77c0a620eca03cce32248eb3351a34a8c7615d2ea2595b5585ac22cb3a5a09051656e4e23c00b039749f678ea483112ae73b53deb7af4981b34f5204c3d2101318f4fd8610eac8c87d87ae2322505494810dbcb66858df2dc64117e0a558922031e6c9c9fddb2431d45bf9a1b01640e764202e439229e42d4570ae3e3f3ca8815705941faac7d7591c92c5590954a5b77abb5d2447d171982ba93c8379682fe3f6155c2e694b140da56163bfb27e833158776840f771455fae48d38c6be0a5f4bd8f38bc6333f5901896e0f847524c3436a79ac5754d0b0269554d1b483bda9c0a29479b13893f9cfba01ac6c4d1eeba7d664daa41bb584f025473e8ccceed510a36f62bf412fdf67a79a0c2713441bb69271647b8aa35eff64615ded5f8a3e4fcb060f94a04b6f437e2427b57ad8d9a180a9aa6b4ebc978ef877e4d9dc0f1437273c757c5c907466ebea25e19cab1a43bc9c3b3d61dbb22e3178332fa0d4a6e3e8ee559069205e169fbeae33c24c0fafddeef5fce5dbbef9aa05882d54fe79f8a63bba6a97238a08be2b44aae1a3b54e9dc23449b334ae6a4f2cebee96a284f3ad62adec9d06e2f9b14b936d796281a4ac12662b9d62ed16f88632c85e304c53eb6305dbc38a222c9bd9c25a77524da5d406b22a55bcc071645fab3b4db33fa82220b86a21f6a4f797b5dd6f4897cad6445cbf918eb806e42a229db6a39a1a0456754d0118c219b0244f20b07f193c409dc8175fb4350fcc2a1fe9cb35d8eaccf4ff24e1434e073db05ebfe7e0e0f5671aaa086554512beafeff0ce9582475a93a3afe5ca87dbb7bca48b821a12a7d78cf3b00c47478ea52d513494c16f905e50182530978b22f072ef7ef5c9fb2f76ea528ba41f19357adc80729eba6bd0455c375c9c7f337206557de369aada4c4d104c49cc1b44534df6e9e75ea56a4f3c2f989b075ed474d950c2b9c393309262d182b84232444129d8a0454208b04f28fc31cc0595afcb95d0f8e1fb1a3e528b85da91c62a761d3ebc918b6d7144848c733b36d943fb5fd8d8886cb032a8894650dffd7f183b60429bbb28c2fde4d4bdd74e06438aa285447feafb09505fa36f650353b3258a8612b241cd0678bd8f41dfb0e8a179a783c2e31d50ffd3f526ec39f6d7f13989a025dafdfe851cffca2a4ee6bd0c4d0059109b823b5ba0e705010ef53bba21ed382f1c6be8c61fdf2d89aaa8f9c7d31ced2329808ba9f7ce8fe952bea92a6aa678617405026df324a21545c5a23496e6613c9c97f5b9190ee7ba76efd1fd99164deeaf5eaef6b37d07f46804b6e072d1f7f5ed35fe1d0f4b97ff244f041f46dfa4a42b1685889a2c32d6f20e433343ba90332dd1eb2a3fe0ac2c05c3da85e6240dcda813ddbf9bc0935acf4cc9d4f54b7fbe31dfbff2f924174d32900f62c3c67ec2705e2f49f12ea67d664ed6d5ec0b47f6edfcf9fb794b67cd98d9c545921471cfebaf777bae314378aa7d7851570350b6a0bae63a0f1b26ba780a6a1f51ddd9d8e94c74549a12d40588604b9348142431028bc338cce9bd6ff8d2f9ffa85df7cb50e0dcf7835a25e1e83b9d23824443c9d8a01922decdf11e0e2cc1c53ac8e169d99aac83ff4a1bba8f4b35d4c0675e0c23880ee7437969bb9a393dae4a7db708ba64dd3de1c6048ac283866e2c20650ce4a886231b918f6d86be4157d37be34ecc45622e0a239c0ed285511592987b175dd5f36525ebd8734ed25a5b5c1c4ac20680eea7cd57c0489a89a7dc10cb1a7c3475e6dce5dbf6a76cec82557969e3c594913e078bc53dbc35234fceece371bb7cd8239f5fb56ee6aba30981c29a4177af50445d57b23eaf4cddbf286fc93dcc2ba99aecd7b415951917e60416d05713402b81271e5a91a7040c45d203ffc088dbdc95a3a46cac58c6e22449d2e5a8381263c9b8ffebfe54bbce2f0ce85a9121e89a8d1f488cc370c29170f75b295a702449fbeea3f09a0397a4e9d075a21302c0c64e3fd6b5ac61081262f6dc064c97e5b2707e105b754ec85025ed4a5f9f0373112e303627416324433559a429822ea841591e461231b9ab15a2020f9417a3fb4efdeaa3e712e369ccdd6855cee5ac50f0f2aaceacd749504e8aa41d2cd9e89b744d599848355bf6dec32455ebad9fb255d00faa3c8d4836854768aa4d5d932f8facc6beb45f9355f96827b2f1af6a4e383fbcbe367401483bc0c785b171eec986a0195a48d5035bbbe2586cd8a00ed0e3619cd5279e15fdd78e2e7e298970c73dbd7cd781ddbb771e9d5b1977b02e27d49d98036f7b52548ccd77395aa4e7fcf9e9d34944ed17a71fcf17c053d0e927a083ba0439aca9d28579ad994a1f1d9343a61c54b636667b9c574292983d8425710cb48c61d063b848f6cd4b8616d43525734173b7c341c5888d0f920d49bf776dcf866fe77c3e6168d324ba3c97985431a15cf90a4930becb05d914ba2b2f355a0caac79ad34d2fa89a7c6141a7ea1451a3dffcdd97fdb264c241d6a0a786aaf9d4ae8f9fe0b08aa333a1a39302922accaeee19015acc3336d78a275c381022c0ae5ce5a8f6a9415d974299dfd477103cc5c4e09e9056b2e1089ce89822e70733cf9dd8ff47f2ea9fbe9f35ec1eda87395c04b080b2007e3918d2f5569ea166f7225a825b6bba7475c37bad2a7b2ad669d57fd4bc753b76ecdcfbdbc61fa60deaf968351f4e3cb8283daccae84242c5c81e9250e9d38bba288bfd590e6c0c94e3743969c7c35f07c20159ca1e53c15dcb43a1ab3f8a4709d84024617d9c93aa9d6c5eb3cec380e14ba222a72fac857b7028d52c32044e3a81d2c05c33147a136f930abe0e494552d393a7bcf448650fe94d48b8bb5a7928ec6996607c2eaaed26450da1ab548083ac9c1dc0561d79451542db1bc5d1181c238ae2386fab1501595402875fad44359ad2d9897131b8678a178200873bf82ecb972f5fb56cc5f215cb167ffffdb2458b962d7f82e45cd0a8819da1aff477b848ca39d0af2af23bee36178db0896efd24086139fdd8baa9afb6be87223c04c554a85e21090cc9f121644cc58c5cbcaf28faba7a84efe5bdaa9af5520536de09fbc3bdf7bfb147827772d6b4f539eefd2e7f389a9eb2458a8612b0e1080f4fd1ae78be6af5076b3df4c4d39dfbbc3efcbdf7de193cf8f556e5a092c65d001ce074820bbfa928aaf8baa7e51505a57fe8d914b4d64692fc6756b503c6355f9db7f6fb2fdfbad74976be842ed087dc6a48b266280b3c0ce97d6a55967a72ee805675aa54a9df7ef8b64c7f40f51f1bd590243aacf5abd3399ef2deb9dfb8139258ca95d06ee0d8451b7f3b74f46a46f6b5ecec803f907bf5c400da811340062c0d871c8193ae61b22e6574a59b66489058403f50a869f00bfcfffc830c5d69c4f6c9dd3abe38bda39baeb14d17a1ef346403ea1ff9520f02c7d9b806af259f0ee6a51ddfbfe760aa1f625feaaf131af364b557f6a8aab1b51aeee4effc7e361e2823d9b87ab3b7feb677efde3dfb76eede7ff0d081037bfed8bdf3af99f5713cceb23414049c188d4f0d868ddf1f251f3a275bdf246d42e5a9ea5a5811e46d776371955a3c7cff8ac3afb87d712e7ea2248635f4d5aca6a406272552dece3d6bb9c886bdbed87e26cb0fd13ae3f0f6492f3620e3f9169f5d0b0b61e948cb78171d833acd8dbe009eac51e5ae1af56ad5a953af4ecd1a356ad6bbf7defbead4ad4a11f1283823d5800791f85dab35459a550e6bb00faa1974c73474a52ea41a336c2c4ca29d14eeadb774db3f6a357ba446fcf3574d51450b0c75455c5b17afd0ff64c6da376bbb71be5acbde6f0f1f34a0db1375582adefbc0a8bd92001947c97c1de7685ba06828091b1f8f3b198c7257f04096c63df77ef5e557b3977ebf66f592e9c3eee7288cc191f7382902ecf1d5cb9276f159a7eb9e6d41302e4d42eb6bccb0a9848dfc4f188e4aea396748db76afedc93e3ddd7bff91b0a0ebe039baf14b13b2dc3f534551cfd937ae4b650aea4e7488482755a1cdc4837e1d3a255d9195c9f12cba43547128091b96205cb4ebbe292b96bc799f8764ef9db8f670862ca990d1d573f33a24d1348dc5bb189673547eed8820a50df1e1acb3c30529180aa3a0651aa00155bdf612e362c6e64a529e3f88aaffc48a9b2549964555cd99fd18576bae756355c910f30ecc79bfe7d3cd1e6edcb6cbab33b6403091ad496c2826d65777ddee36232560033912626f9de5b98150ded12f5bb3b8cb57b7c3a49fcfe4a810abe4739f374f4a808234befc237d7fc9cc4ad93cb426e3e29c9e37e1d0e7a1c5833a48a29acab9a79d043f511124113c4b35ff4597ff5a0ceb0145de37b826d66a8b12123449317508f0d06864a7a767640404c3d4af77e4a671a889e3761303258902ac131264c54e9d3bb5efd0e79527cb3b38071433d55b0e5fb437cd0f47f3c4b21953c68d9fbb3ee5c28659dd1f2ec7d3ac17eccffbda21084aa8f94437b8080b7bef251c8e8101f067b02d49998b7be6c879ba726c6a5392786eaf88aa37743e14ad3b96422151561441847215ddaeddba864797b37be131b80f148f131c596bc8f00f3ef878f4a8d1e33f1df7e6b34f5443e7c2c83a7de65fc8d5e0c00b21f1d2faf7dbd48006a8428b37e7fff0dde4273ddea7b6e48826fa0a46158a3369574dc8adcf65a932f49c6143fcc2c57c6aa80747372571dfa033327839888e9a6f60aecac01fddfb52b1ce93a0ca1bd888c11118698b140d25f11be808b9e7d3443164f94a481472cfee79af2ea4d447fff5d7354191b22fed5bfc6e9b7b082abe7cb3e1c9a98aa499fed343ef261efee8ac20caf9e8cb7e15f1cab48a24f3f029c9b4ee04234ec03c6fe79f6a4771aebb3fbc24a075d3aad56d431d0a8cac3539f0038a45d30ae80d43d17ea0d93bcf376068043b4209a986a121bd1b866c6afef3a36af154c71123468e19f156ab7a5ea8032a37ff60d5a5a06a0a10c3242d6d766ddef7f8ccdd39f0677e11eafa53a3cb396a1e90055337b470700c85b5bf90f6b8c7d96066ae0225109a3f80fd2306f60277e08c5483dcce6a8c746d772276e7f906cd3b24fe63c9c2a54b974081b674c992458b172f9cbd20e597018d7c048313b483a0131b751fb9e6a020a9014541f7dcd1425ad6eace1569a64e9fafb69fced144886ec75ae0e593a11005bb53d5e5f76195be3fd384603fbda62be80caf35718d3821d11115a824a02db2661160032a93ce3de4bc7336e0f244d54123de1e3c74d8b06143870e7d77d8bb43877f3cf8907af58f192fb769f2e8e3edfa8efde1f70b214d3564153a67cbcf0d88bdc7e6f6a8ebc6121a747c7ddcf4f93fac1c7b177edf3634e78cfa804bcb1b135d7f7bdc99b0461564153e6f69a508d04415645d4d803c8ceeb924647675dd79bea1e31dcea72fa031ad934b5059415e545151622881ac73e72fa6833f8142d04df05166081b12d46632ba1d67c6e6b1cfd52f4f51b493bdab8ac7557fb12c854cd12f8a50a94cf1250d7f8048586a22ffbfe5b428a80902a278e82c044668f364e98d18644fbc0245be1ad442e87b2ed015598a04095c0207058b52d097e0a315f6a00a4317208605c24a480e4baa08058da2cbf9e9477e590c0d5a0d9c70b8dfcb11a570ee67cf2f40f7f84d6d8125906485efac9b93dc12161b357f6432f80eba8d5178620c6607a149778f4a3d7f0170f6e4b123878f1c4d39989291055600e48cc0e1695fce9a3271eaf4e993a7cefa62eacccfa6ce9c357df2dc4b3afac625282965682df5dcabefd18cb3fa2688bbcaf67ad8538720122a0359078ff9565b5f087c4bd520f73143290ffc605d05ab6ae6aa72771ed32ad525b0a426f5ebd7add7f0fec6ad3a76ebfde1172b379df6a36f5733c25adef2f2ae075e78a663d78e5d9e7ba6c3d3ed3b7468dfe1a93603f643a2310ca8154261a44ef54bce4554fa5d0e05c37f3565ba5d0d8b66de1b344612beefc2d652029b4161c036285903332bac9354a8f724433e724f0ceeda7b37cdbd3b77d31f274f9e3c753635235b0ae6c9aa6e7de79da189e13fab250ecdf667fb0ffc99979b97979f17caf707856c0804e045e8be3041d0a0a46dbc1ba3cbaf84cc19d27e5f94a24b82b2a71e091d5ae26a2bb7dc0a1001a040486b5b7e8b10566428160267ebdd267d96844d45e2b1fd390a1c671407506e87ca5746a524f8a6143e733ff16aaea2ee69d1f1785832c34108bfa2f5fd5ea8bf01d61ac45e493bd8308e740ec952d05d30fd8aa4aa295d318f8376fb5616becf6f11404c86dd2457be67976c08121c97d0d98762c086c51f3876ee28384c4acae143870e1d3efcd7b143fb2e833b40c2d38ceca71d2d365ffbb53555f9bb8cec0ba9972e5fb9743653892442d449a3402729679b4113547ba324c8505b868327a7364df410159eaac1afb89ef76f04383ef4351f718f9e50fd41285421acb7226c91a2a0247e43d174f5fb9f78b44993162ddb3ef3d4334f77ead0f199115bfde8ab6e0ce8b85e269df7b6aeeec3f1fbdb77eed8a1e74bef4e9ebd5737a1a7b1819a69e55a0fe8b3b9762ba19e0ca5ae9cd4a84a3c41d499b1ffa9722b51c2bf35a0e650ae36c17a679c9f78182dd855823d63c08621abf59cbcfcd7dd7f1e3a7eee526adae5aba957afe406500207f715d57778ced3b4225565e0b899f356ef3c7ae6526e3e74fcff16d25252602049397cd43daf7e3a79f093d55d1ced2cd7619d90d68d5f15fd6c2f244ef5f74af16f2bb36b6e545574ef9c37705ba6282889a55189b34e675ebb969999752de3eae5ab5941c5b4d63620394d519be1e0062dac4a74bb1c840388ee162d2a68558a2d120088a9ea185070bf873982f1de5fb71cc791bef1279570ee08df4f503047831914a693f49cbdf7353a08766d6acaa83bd74d65026ff16ca7a79f6adeb255db2e7ddf1eb9e8521842996deac06626e59e3e9ba834355f845007c14212d1e4461136a6aa4ea31d6d527effb445854777feba74eafb8d6aef8362c53f327175d4e409ca51d27ad1957e7c897f371715d6863e2306357442d2fded7b0cf8e0b379dfadfe79c75fe7b2439a0e071429067e24fd73775cd7cef43de37f5eb9e4db258b17cc5f790a5454c03602435366b2ce569704f9f45b353ffb2ddd9fd3bbce6f66ae264da8f853910f1681a969c71b93f7ccaa99f4a3a16b2254045f14db7bbaddff0f0b548719aa18ce0e0000000049454e44ae426082),
(10, 'rblake@gmail.com', '$2y$10$UQtiFlqukJosyZxnSRIjHOlkbiry1tWZALaHVxlSE.XruRKcopazS', 'Rajiv Balake', 'user', 'Active', NULL);
INSERT INTO `user_details` (`user_id`, `user_email`, `user_password`, `user_name`, `user_type`, `user_status`, `image`) VALUES
(11, 'blah@gmail.com', '$2y$10$5mbMEzzjzX.hXo5OnXszouH0j2QA8VQT9zaqRnBfEBIS0P./WFri2', 'new user', 'user', 'Active', 0x89504e470d0a1a0a0000000d49484452000000cd000000cd08030000002c62045b000000017352474200aece1ce90000000467414d410000b18f0bfc610500000300504c54450000000101010202020303030404040505050606060707070808080909090a0a0a0b0b0b0c0c0c0d0d0d0e0e0e0f0f0f1010101111111212121313131414141515151616161717171818181919191a1a1a1b1b1b1c1c1c1d1d1d1e1e1e1f1f1f2020202121212222222323232424242525252626262727272828282929292a2a2a2b2b2b2c2c2c2d2d2d2e2e2e2f2f2f3030303131313232323333333434343535353636363737373838383939393a3a3a3b3b3b3c3c3c3d3d3d3e3e3e3f3f3f4040404141414242424343434444444545454646464747474848484949494a4a4a4b4b4b4c4c4c4d4d4d4e4e4e4f4f4f5050505151515252525353535454545555555656565757575858585959595a5a5a5b5b5b5c5c5c5d5d5d5e5e5e5f5f5f6060606161616262626363636464646565656666666767676868686969696a6a6a6b6b6b6c6c6c6d6d6d6e6e6e6f6f6f7070707171717272727373737474747575757676767777777878787979797a7a7a7b7b7b7c7c7c7d7d7d7e7e7e7f7f7f8080808181818282828383838484848585858686868787878888888989898a8a8a8b8b8b8c8c8c8d8d8d8e8e8e8f8f8f9090909191919292929393939494949595959696969797979898989999999a9a9a9b9b9b9c9c9c9d9d9d9e9e9e9f9f9fa0a0a0a1a1a1a2a2a2a3a3a3a4a4a4a5a5a5a6a6a6a7a7a7a8a8a8a9a9a9aaaaaaabababacacacadadadaeaeaeafafafb0b0b0b1b1b1b2b2b2b3b3b3b4b4b4b5b5b5b6b6b6b7b7b7b8b8b8b9b9b9babababbbbbbbcbcbcbdbdbdbebebebfbfbfc0c0c0c1c1c1c2c2c2c3c3c3c4c4c4c5c5c5c6c6c6c7c7c7c8c8c8c9c9c9cacacacbcbcbcccccccdcdcdcecececfcfcfd0d0d0d1d1d1d2d2d2d3d3d3d4d4d4d5d5d5d6d6d6d7d7d7d8d8d8d9d9d9dadadadbdbdbdcdcdcdddddddedededfdfdfe0e0e0e1e1e1e2e2e2e3e3e3e4e4e4e5e5e5e6e6e6e7e7e7e8e8e8e9e9e9eaeaeaebebebecececedededeeeeeeefefeff0f0f0f1f1f1f2f2f2f3f3f3f4f4f4f5f5f5f6f6f6f7f7f7f8f8f8f9f9f9fafafafbfbfbfcfcfcfdfdfdfefefeffffffe2b05d7d0000386049444154785eedbd077814e5fa3e9ceceef4b22509bda8f4a2fcec024a1110942ad2444454149583d2d4232a55403a58108e08485104a5079022220a481308bd070809e95ba697fd3fefec8493001b92b09ef35ddf756e4276777633ef73cfd3df796736ce7d7b78febf035ba268f81f9bff226c89a2e17f6cfe8bb0258a86ffb1f92fc296281afec7e676f04660bf8297f69318c096281afe43ba89cd5efe1b6cecbf2af467f6061bf6c632c1de4534fc2d6cac5fff3f61732b5cdfcd1dee0eeda718fc8f4d4950e4cfaeefa6e0b1ccb076101d7f5b14e079fbe58d125cdf5e16d8fb888618b2f17adc28b7c0c7ddbcd7c379dc3e2feff1797d096e2fcff1ac87478987a3798f37f206bc42fb2e5536b2258a86d8b0b112246282f8f8e097cf8ba47427787937eba6399ee7182fefe5687702bcc3f1f0cb63e9a8b48ab7258a8698b0b99ef9d187bd6e8fcf87fec8ebe63c3c97e0767b7d0ced71c37f1f280534e4f37938b7d7de71e9f858f24447ecd8b8795b3adec3b16eaf87e1799ea1199a24309c82079a625896830fd12c620c6cacbf2d1d6c89a221566c100b1ef1e1390e64f5b0bc87226887c31987e304fc10b833dee97211bc87f5b27c447948b6c80e4a8c8840511123bfb1c6015f777bdc5c024ff30ccee01853bd61e3369d077c32fb9bb973e64c7daf7be3aa3c89e338c37b79860315a203504a3a1181a222366cd030a01a1e7d9aa7498621fe6fc827e3bfd979eefcc52cbfa229baa1a9a19ce35be6bcf66039c689d314c57294b5ef526ac7fe9b68880d1bf810cf837159eec3ba089c6c3b79f4fb133eff7af6ba6ccd3415dd34c2ba0aa40247fef57a434f1c4693246befb954742c79a223166cac20c601782fc31134f178bf579feff5d28bbd5fe8d5a9c390539a81a0033445d134593c38b3a5c74939691a4cd3030e14098725832d5134c4800d4a1ef021c8333441e19cabfa1717ae5c0b0981606e7e205fd443861941d844ac34550f9d9bfd184f132ccdfa1279165292b59b1291b2258a8618b08103ec813ac697c4d21e8a2269ecd1aebd067e3061c9ee1c4593d47018785c07d291023839f6410fc9d014e78520588a5ac796281a4ac2e636f0f02ce74df0723cce5155fb8dfcf4d35123478d1bf7e9bc4301550fab61a9800d3c9886a6e9ba11162479cf804402671926b28bdbca5932c44037918ac6e361284785af3383aa145055013c4485ff86a945a8d840c6a6caaa6eca72e6ec363c4e70891611abc82b01220245450cd8b8bd09091e96617127d7ef586e56564e566e7e5e6e766e563047f183a7d8446c4074032519a2a60577bfe22539026a062053501bdd06b644d1108b28c0319e040f856155cbb77dbd6fcf1e5d7b74efd1b3c7f32ff4edf5c6b1b0068e5304607710b365c39014e9c87b951d508f7248bd25832d5134c4c26fe03f8dd3be7e4bb66c5fb36cddfa8dc96b37ac5fbf393979e3b66b8aa6a36816e11179b0a087655d0b9a99d3ea6324c5f9a0d6b632ef9de20e74e343c119d205d4292c1be779fd8ca28b8aa2aa8a2ca3b025cbbaacaba662cb5f0426f88f1ef20b46704113284c21b2a1c31ed96db1b0258a863bb7341fc751244e541dba61c3fa4d9bd6aeddb8694372f2864d3fffbcf9409eae870d9b401180be0cc3d44d510bad7fdc81d3d036c081b177581c6c89a2e10ed8c076e4bed053d2f1f73ef7c67b1f0d1e3ce41df879e76dc0a0816fbdb3200dcca9684c2b80954ef5b06e86a5e58f1138e1f6321136c55342d1b338dc89df586c3c1c49b3ad569f0fc962400e056429208a82208892140c186075c62d9583608675c3c8d7fd3f368887bceb81ba0d1d7bf4ffd688119bc871b90e7b6b848d87a370ace5d68066845514be4cc500cfd775155ea9a1b0ae80c347856ee8aaaef8bfac46d1d0dfa10ac7da6b74fc0d6c0a8014e3e119924cecbf79d396cd2b3780c36cdeb476d3868d1b3722d7391e968049e1485614ba6186555d32a5bc8f98788a4db0d8dca6e1b1258a8632b3811ec00a673453b1ddb39d9feddcb97b97ee5d3a75ebdead6bf7ae9d3a767aae67ef6550d918ba6ccb7e3380aaa687b5b02c9fe986611eea766cd03bb644d15036bf419d19cf011b701a7e645a46c6d52b57532fa7a5a6a5a7655c4dbf9a7eed5afaa5f3399a08b2a29f285051e516d6b43c75cdbd84c3ea43111b7b8cb2a00cbab112376c6612dd2c83c7b53f9c9e9f2bc8215195454986aa19da1880668832aa30a35b5a018c809e378127b884449e87701fb52c8083f7b7581ada0887d2cbba311753b347efbefddff970e2e75fcdfb7ef9c65d29e72f66f881161042865602369a91ab9c68ce3a794f12182e0f49f9d6b04ad3e25156bf419b590f8625b479f1e5175e7ce5a5debd7af479f98597060c1e33e6abf93f6c49c956905e508eb4658e0e28b3656da90773d35e2860a32751f44644a0a8287314008be31917d972aba848b2e8cf0f094131200505312440c2b1a299d56d96c0d274d9508fb7837a82f581caa35bda6dc994858dbdd5cdb0f1b4e391cfe62f5cb965e79f07534e5d49f5fbf3fd7ea414a8c222340af79d5101f9d59016d776d0848f65b8047b989bf0f7b27153acb34ed7f707bff242a776cf74e8d8b56b8f97fbbd33f6a0602a9282c8948408821a363455bffa3246601e34c9660f7313fe1e3605488c23effaf19a28cab9d7b2b233af9c3b7170cba61d3b428a0c566640d7595236f0e130d440eb2b3b299e66b9e2d8dc8e4ed9d8589b0927d62355331455328c9064284ac880e4a188a018a826a127b3442d01292063eac6d9f624b43ac5f4a0318a693703b21cc7e16ea24bf2ce5dfb0e9eb894999deb0f0901411225a8d234153129b16a105f13fe68214d5295dcf4f5086d8f551a94453770fcdc3ccb100eba4ac37bead56974ff23cd9feedcb953cf7e1f8c193773f1b6e35744285ba00c2d394c4353e4d30f1104c7a3e22f2a6c81a2a22c6c7c093e8f9ba51d6c9f7153274c9af8c9f80913268cffe493311f7ff0d1fbc3c67eb664db05f17afb5c32001b55d1dfa549928b9a3c2dd812454399d8f8403b1cc936daa1887258429db3a6a9b22e68a2ac0724646c3af29c5200f2acae6da94dd0b43b6a842e81ed95c16fd07ebd1e06277b1fbf9c9a931bf40b0a74658a163250f25445a082266b4b6c69056a34b25f8aa34834c116813d5c11dc662ea42cba41fbe448175ebd4993961dbbbdface07e3a74c9d3167e18ad57f1c4c397e4e953468924be5363684791466f505b74609aaebb2b041b3450c81379bf1f994e9533f993c75caa44993274d1c3f79d2a733667df5aba0009152b341f304c17dff8713346b8f724bd8124543d9d878dc104d670a21b030e431022acd420141f007027e2497259f256549017fa4eb69bd490716b5504372d812454359fc86f57ab878bceaaaacdc3c7fbe1808411c10429226ab414d140c15d1295d4843300d530a7de371121c886cf550e83f1a2e322af8ccedb894493768008a71d34d9febdabd47ef57070e1f3563feb255c99b76ecfeebcc793f9a88293d17c4c690d55d0d308c419d2dca69007b441be8a52d521494818d0f0a779a4cec3fe5937113274c1c3376d498b163c78cfd64fccc390b7edc701a8a945246e708403772f0722b87934127e9a2b0b1058a8ab2e8864fa018bae16e41d021c1c886240ac1a0202986962b0442611929c716b1140036a211fa886070a83cad33a8b62a228302503d1511282a4ae537d63edd1c745484e3d90c3d6caa86097e62e83ac402283e555d95a530743765f21b55328d15892e508e656a888d35a83534001d47fb6934944237056c6097948b69376eec8c99333e9b326dc68ce9d3a6cf9839ebb359d3274fdc242b56ff5c7aeda0b3d6a67ea05e9cb52a07cd07dd68686e08a6b7a153064bf3721e0af30d5e3873e6b4695f2046805933a64f9d316bfaa48d606f65d58d110a07b25bc7b9a0c3b166b76e66134bdd14804de428578d7d60552698166a0022959aa82197810d2599a8b909a81252ccd0101cc225b83b5a8a830ca1f0e8889e255054949a0dbc4e6071e2b1d3a2a8e9d06722bf015d204e404e33815799621af0310d599a4c9274a49d46d367372122505494220a5cdf1dcf1178f379df2e5bb278c9d2c58b972c5ef8f59cafe67c3d7fc182efd66ffe23e54259d9403da41bdffb301aaa01c4e646c4888d45c306bcf4712cce56ac5bf789b6cfbdf0cac0a1efbefbcf5113a6cef87cf682456bb7ef3b9b9dab965937ba11de5383a03818c61eee4644048a8a32b0a193d838eab3c3274f5dc9c9c9f60703fe40489444519204459015532b2b1b74f25d3dfb284f30e0ef9126eac638703b94920dbce23d9c1be766ac4dde94bc6e7df2fa75ebe171eddab5ebd6afd9f0333c39a294954d189d024a7b1a9d73476c6eeadad0d83188d036227be479c64dd064bd962d9a366dd2a4e913cd9a356dd2b809fc7fecf1471bb768dc64ca9db0d18dcc3e2e0ad8002cbdd843db400be08a45a97583e6f13d4e66d199c3078e9d4c397cecf891e34753108ea59c483992722c15add4b0c52b2d74d3cc1be2a4d948c77693a179a00cb1458a8232b0e17886c4e68a92d53e5b2705d1193f55b5a6d614355c66bf41b39ec14f189a89cc10de44c61bebec89aa75962359d7b02b399979d9397979f9feecdcecac6c789a110866e542f756d2dc79abf2c7943ea769d2c741bd5178581be80c58b128addfa052a91c8f6395faf6eadda3679f9ee8e7f9e77bbff07cf7ee2ff4eed46371e09642de12b766f3054d115e60835618df8898b0b18e4b04880de5f572ce0edfae5ab3f2a7553fae5cbb7cc5ca95abd6acfae9a79fd6ac5e71042d772c299b5b1573d2570c497879cf2dfa69244a8cd9007c1ce3a6eefe550a85c32ad43350dd80543a18986ca88a26955837b7284dcdb0f42f60e30136f6804500e5a825505494818d87f3b10ef6f1a1a3be9cbff8a7359b76fc9972212327273708b10032270a4cb66cd781e609acad451e517987607d04004f80cd7c962423c3dc0ae88d62505abf01f838378b7b1ab56cf564cb36ad5bb66eddbed75b1f4f9bbb64d51968d75405c9688b5700d4ef14004d1dda8f91a737b2f916d88087c070d6a0851173ddc01090d638067b38392df572ea95b4cb97ce9f3973faf4e91327ce044c43833ef42643033211d9a1438516552d784441bdf0a7e1991196167324890ced66dd2049fe06366e9e25dccf4dda7c362b0f1567baa6a86064862418a60a0674231b2003e2a33e0880cebddb8fd01441a62ac4c6446c96724484cdcd610018da12454369fd0602b48748a4709264aa3579ee1fa33e5fb06aeb1f7f9dba9c7e2d372869a08422ab8440545418ab6a48f1a7ecdabeeb64d050652d2b4f542445118ffe906ac8fffe383ab7682a3f97c718b034247a1178bdac8f89059b42808e9d67bc2446d1384e13ae07468d78a7ff8bbdba74eef5c6875356efbea2dc90442c366658f76b67a6b46b54bbd1339f5d0e4b1747ce17a5b0689cee5577aca2813eae03b4a86cad52c0a628d04238b442a158942a0aa0fc0519ccc7b869d249b808e7dd138f66675d4abd74f1e481df36afdd7c3468ca37adab316455967eeecab91c24115f75cce57072b56eb9b269e6fcd3eb7a25bf506b672d5fd576d670d1b7625382398e52599af51c76c83bf00a8d9bb679a8615506a79bccc83465e86da09f46aead9b7ae1a58f966ec2bab4e5b178ce5db56a623947fd1fc465beded7a0a0fbba22d1708d18360a2d63354d4ddc59ab808d3dec75b009b1aca1915e001c4f375e7f363535f5c29ac1d528bae6765d865066e868c183aa204ffe3750565103c61f4f92b5df9eb37ac7ea192d99377316faba668bf286fa44ddd592a114d28d957bceb676d230ca2dd858c6513c4ae93770d4b8f8847f09613dacc8c695cf6bb9aaadb3e66d34086c3228482ea21a20a3ab7ac64b9e1eabb3d08a8dbcb5751a9e5942f70d067f6d4d559b99a1a8e054f68701f069e5f4934e0ab1b9b94ef3b0901cece751502abf818ec3cd31c4dd8b0f1d3b7f36f5f295ec939d48cf728b8b0c410a4c4d0363b14543003ac075e15dbdff54a1b6967523a3bd6fe5379ebef9a7da13eef11961a851ffed6756fcd0ceb6b4d9dcec38d0f4c6200ad89ab6fa749ea15cf73c72cf434d1f6ff3549f57863dc632fdbe59b6feb74327cfa56566e58b45124844395a5aebc7778b50bf998aa15deb5a7ec15789034ef4a4d8919725d104a7291ca2c156cf5d677323a008f1155c821405a56083f840154bb867fe9366710ac33c8fb57af4b1c68f376fd2a4459b677a0d7877f4e76bafd9d36bd7a50b9bf2f272e3154d04258555f1726bcfd225e5dbf621a83e270db4641afcccd0c3e84c5cc48194f4679d149a1e440baded610be0e5e9c8451451513a363008872724ff93e29c38eeacb4e45ccab933a7cf9c3c7eecc881fd078e1cfeeb443e3a4d5800b406cad4429f26fda8680618a02a6afbeadfbd6d11572dd157f9932c703c153816fc4144a96a4657d7753645e980beb8187604f0c40d0567b5195d302711efa47ce32f89fe006a9c51b929074555851855d86fa03690f3deaabc5fd1c3a007287ebef43e7b7c818f2770e77d932f8806d46cf01928ef50c51061730dd844b28d3de8f5e1d1b588b1f39b0236ee077906e7298aa1ea0f5db43c79cb6f7b8f1c3d713e23371410255516a054b39820e89a2ee7f6a9b4134deb6a46d03cd4d93d5e9ccb4115c611dc802d129ac886f6ce3aef6be9c654906e5056b939427b7d31cf9e6e166b31ef09d65db1d9e0ceb4b342c3daf73ef448b3769dbaf6ea3760c8c839dffeb06edb0534ab6e1382e3aef8dff4cdd54c411202d2c5a9951bfea1fecb57f38dd12daa73648f5f827a5882502f4b48a1f037a6097e8351604f301e8a3a0891d1919d27de4635a56283ea00378375cd5a3775d1d60bc17555d8e77fd9b3f78fddbb76efd9bd73c78edfb6ffb6e38f7d7baf40b91cf101cb6f74f153b2fdeff9615d17ae7e5acdf36eaef24dd537ceab19c97d2b703d0eea52f8f2e6e36831a405c857e95d30ca9e82ba013ec617c3086d15696ec6d5262d90af1a9299dad6d5f22f05ba6945b67a166860204029686ebc800dbc36d47575d8e7bef8e5d7ed5f3e55cdf9f45f46e02bcf043fd440d95f3d42bd7641cb1d7bef3fd3f582e55fc006741361638f7e9d981b2cedfac65ba30c6c9a9d33d47c5592c40f7cd59605c5eb19c634045d0276284247d84078008ae9437d8eca756b962bc7b99baf5743c617de71212900c5ddca16357e55931bc4bf988e0a02541380a56574c5a9284beedc89b74937a561635df1c3d158d393977f59b9f0eb59137af364e7853fae5eb763f781c3c72e5ecdf443f1a941d805e520c96c3e8abab57179368ef0b0eee73604e45c71263f3600658e2e898b9edc2c4e77254cf28b9073ec0ae7f2330ea8d35032b0872d025ba268288d6ea082e5391aaf7ff8ccfcf7df7ce1a9e60f32145dbb79b3a6cd9eecd4f38537068f18f3d9e2d53fefbd02544c643a4007fd68a2f04bdbaa3c5bbef9f823822cabc2346a948416190a62eefebcc092967d8f42c56a71871fe3426b27a44824b73d6c11d812454349d8d840f538c7d278dd7d626ec09f7669ffa844aac237274f1fbb70e6c49953c78e1e3974f4f4c52b99a01fcbf6d02f8b8d2a48c737ce9ef1edc1a01284965b58facc321192bfae0ae070e6b5bda7c3414836f6a78d732d9c6c44689bc075062528a24bc10675d1c006abb6079247483d3bb20ac995db1c30044d5744d99a8f860e47427317904410214b3e0810212d37a8c98a28991a1499d9fb025019c067a1c316a018d5650935390afa74d83cdfd21561637329c4a6d0f3282885a5a10687e318acc2fc1c2198b9be979773719593f34421a869821e865e1fcd0b6886aa409a816886e8a0a36d5df1ad4113a4ab5097a986a6405c461d1170800a212c40ca816868713140372eb4d2a6109b42b8d5746e6194ca6f38704f9e74d5eafbde47fd6a78299277567c75e2acd98b7f5cb57ef321016409e4044381fc208ad076a50280a21fe9c80c8be130a806e2389a43840fa0da0d5a1ab4e81682057c127543a79a6051d8a06de88d62501abf41f0b869576293673ab54fc4a9ee03870d18f4e63b83de1d3e74c89b53cf094af0e8cf1b37ad4bde9f0f2a8a184e0406baae48b5d40595b406efc05368b1a17606c521ab044eb00565a7a3f71370c8ec216f440cd9a09d213644d50d796917db119e55f9c13f2e8543b228faf3fd011d2a94ac8b97d333d2b33510b620bb9ba8dcb7dc027c0529ccd4110fd4d62095201ef00fb143ad44583bd2004da7d903160144819b5bb8a22885a5a15d81be79829f97e7bff424566e8d7ea8db84cb68964f51a1f437a12d867826429b59b4672b2950296deeaa4ba11bc4142ecfae03f557c5a2345100010c8e70b69bb76e665d876f5edaf40ad5960605098218d435a8a386d40fc5bd5dd9941aa01e29b98a7d86fddf07b1106c89a2a1946cd04b8a769463122bc6710f3edb80703cf0ca988933e72e5ab9e58f7d27cf5dcec9c98bacb3b1e52b0d90eb84c565e518bbb4b487bc0eb421f24e5494ce6f50ade6e649acfee845c36bc5b908c2455468d7bd67af5e3d7bf67975d8a8f1d316acdc091dc1bf5b82d200fc0adc6b810f2db6b38cda12fedf0cec0dc5a114ba418fe81547124ffc2567ccac4ab294d3f3e1996b3979f9fe9cccecec3c7f5e767a56a8e8798c92034d4619f22c480356271d19f40644048a8a52595ac435a111663ec99032dea769a2529f4361b4dcce2a8151fe2f9bc358801810d6a551a88046e314e9d40a604b140da58d02082c4b557d6bf6b2f7923c44fd3997d3b3a09634a15186788b5462d700a5073afd63e6bd46d1d644e72dc9c482cd75a0260addb185625cceaab52a56ae50a961ebce5d074f5f752053b5928aa51ce86eca14055099605c691f47422d80ee48767be16f425974e3732762de36dfef4c4e4e5ebb2979c5ca8d5b8ee58176402da8cd0793b3c9a08c78c37d398a03440153ffb3164ba24b3e412fb7504d6c2dcd7ac97b589e71baff91aac9aaa18a3a948c8aa688503743e505060741c00a03c89b90f559a2960450986bff4a6021dfc098b734b498b281e7a88e76738cdbe348187c4c52822151cc38ba6fdbda9d5bb66ddfb679dd2eb1d0296934cb511a3f5204c318e6a219349b826e28f7f7b0b151b02f48083e86f63af9de5f1fcdb9f2cb94ceb51eecd5a577ef7e2f0e18f0daac0c13ca0244033403b4ac9ebaa4806e22d4c781b390d280cd75dd44462d11cae037d0b3f9dc84cfc750d59ab4695a8f7671c3d2732ee5e68af97e4152c482191bc4c88a0b25856928f2e926840bd8fc472c0d0063705e2fe34de2190fc6ba3082c15c54c7b3821c3620ac692ab429916218f1504b1e02d09f99b2b23e89c6d1640a8c6991b9f15046048a8a52b02978968066b77d9c97a53d344b601481ddbd49d303125434e8fa9590245b4bbc1431acca057aba3dd0315085913881ce1302a1bf8dcd0d00266eafcf3a9f0f3d07c35224f34128746cdda675ebd6ae5db366c3c62dbfeddeb3fbf7df2e69d025206b2b11d0792b39fd69d2c17b51930b2314b0b1872d09cae037058064ea4377e2e430d7a36742c757af5dbf76edba75ab57ad59b56efdfaf5c95bce074d0d251f5bdce8b0d22d9447b2bce26e27eef17938a86efeb69866efa9009151603beaabd15c01c17957089921519224455174053a4855037bb3d6785849a70480c0ae04df26700a1da6eb9676232202454559d8a05f683b9a27e03888d818f1f80bfd07be3b62f48419b3e77fb772e3f6dffffcf3a42a430b5a12d55840aa114e347110e8ee70c8bcaca16e440c3be922b0de40739f10af3d1c81f71e3b6acc98911f8f193b72c47b9f8cfef8d3894b734574958135e5593cd007808ca6095f26519417f668496d0ff46fc096bf814da10db077343683f31f6f3d93276b9208f615f607245194b5305ae259c2a086d828a95d5d349b04f90cf6fc9f67e3f5f9bc606e6e8fcb43bbeb34eefbe1dc159b761e389a9a9e71352b272b20a2d9c292853420a3aadab27b5cb0b7c49b795cc7df646991440dbf5049e5e60897a3ca130f3ed2b859bb4e5dba767fa1efcb83468cff6add1f9724205368e5c9ad81e2195a5199d78b70a2186969210a6c89a2a12c6c50d10164d07678174a6a0f43d05d7ebd9a7ae6d4899423c74f9c3c7ae8f8e963c74f9fb8221ba889bb3d2c36abbde03574121c1d2ba0dd925244a0a828099b62600fc251d85dcfcf3b9a9ae1970242485054094daecb7ef9168b3c6f82015d9a6908177a1024cb81e9dafbbc9de4b742192ded3a909a586f028fc511559a75eb3f68e0d87113a7cffee6bb75bfee3e988fce03a0eead78005f55d6438b2ae2716892b3d84bf26d89a221066c92acf35414de60d8a88f867f34f2fd9123468cfd74fcb8090bce6886529230a02986a49e6ee7f26089917b1347872d5134dc019b82f7f844afdb4bc7e30ffd119404395f913455080583629e2acaa899b665be352004a0531eda95091528d442f3beeb96762b586346c71dfa0d62e34d74f33e8e64d8fb961c0a298aa1a225b5b2ace8ba06ddf46dc9a013bd82b2b5114e3813bc6e28052272ffb7fc060c1d5a04361e277c8ff778e39d77060ff970e6bab332f8363acd517c2d00d915a0eaa7dfa05d140a9468b96d31b0258a86584401c4c69dc4b2a4bbc3bfe67c3163e6979f4f99775881a2c63ab7515cc7869a1add080979937c0e2f9d40db1383d1614b140d31f01bb4781d94c3b104d179a72499a6a46921c984182d001d7493b4a8b0ec0c4aef9f1a5118ede6d1adfdadbe292aac31a3e34efda6303c2eb6f3f6006824e4d7456b85a716d6652471916050f0141a39c3543468587734c170fa76e7664a823bb5b44280c0c6102dd6670784c02f0bd66cfd7ddfb193a9d782683d74944935b4553544656f4f27cfdcc6c46cd81245430cd820d7b1bcc74d276278ad79e946f6ecfe83de1efaf1b4f9eb769ebea6e8a28e4eddde9c78f4b06c1a212db33f4d733e9eb377572c6c89a22186baf1303e0fc360555fdf939f9b71d19f9113c8cc1144014ddd586b3b6e840ae1ce14f4331f9567597433b6c848c50f1711282a62e837e8ca731f05eefcd89c938a2684142d241ba22e29d055df3c1f6d82cfc84a403e37c8477868b0b4db2c722c1162a09bc81185629a4ef4713e9ca1b1f2fd7ecb57e4d35b77fdb96bd79ebdbb7e3d21d927a22d585a82d0604abaac1c7ac3eb628944ce52cdedad007da818c4ccd2e0630c380e4d381c24cedf37f670e0d8aad53f2d5ff5c3ea0dcbf7cbba5ac86f5001802273d8140fbcc8e394872593aceb37ec5d15035ba26888a5df244259c2934eef235539a7b7f98c9362409582e85eb70a44e84241c02a66744356033fb5a50974ba26c1cd262249ed1d454744a0a88885a5d91ff2fadc2ccf91ceb6bf6d9ed1ffae38df33f34e2a6141307445364c396c5f6884cea069aa8802c399cf1b608c874e88f40091dd00ac5751607f241a621005d018682460039e4c610dbe3cb8776557c611ef6b327697a442efa64a3224172bf140456a889aa1facddc5ffb78712f1e39656bede4ce11434b0336d005533855b74d9b5e2f746b559765b947de597549166528f9e5c83d2e0c701ad59014f1e2b8060c4dd10c5f70834e540b449e1583884051110b3676f2b4ae63e60857fd2529a7f203e957767cf41015efaed676e4b62b7ebf14960c0d2a515315f3734fee5cf26e8b04ccc5106c220b31d1fa6b5bc3f6ee00915745614b140d7f039ba4e7874cfe7ad325590fee1fd2d8471309f59e183a7ee9f64329294753f66f5d3677589fa675780ec7700a4b4aa019342387ae2043f926b2bf621011282a62e237880c7ae2767b7912a79b767f71d067fbfc215dcedef7c387dd1fadc2d38caf4acdbaf5ef6d50abb29761194f6295fb9a7469cc903e1615e0009e635974dee60edd2706ba4196026c9030d0199058a599a9172fa5e749622814d494dcf3fbd72f7cfff5768fd5a959e39e5af73ed1f985d7de9bf3d3fafd69d9d36812d44247ea332084e6196f87884051110b3696e1a319699087c19cf463ddfa0d1afefefba3a64cf96ce19a5f2e04cd909477e1f0ae5f7ed9be73ffc92bd9f90aa4525d1666731e025d771b391ee80ca465b3d62f047bf745604b140db1f01b0434bf0e47992531677ca7afbffe6ceaa499d3a64e9e39fbf345bf5f11507046d3e69198662550a806be4d70f0344691384bb1b41b435f8e858e4ca45e034ed6e9a81b60bd171d77e03705fbb71f41315e8a240897fbd96f56256ff9fdf0e163672ea665e664e60b325aba860a80c842029bcd4f3cdfe7a3668483c6202238497038cae7a52162a37d5bba890c825e971077aa1bebedc8989c876671067390359e7de5c5bebddb766cddf6d9e79eedd96fc8374745c89b2a9acf806c63b18192c05855b5fcb7f28eb7efc2709c222917857b089673f3ac35516f991ada77518b8b081415b1b034eb236eb78f2058aa2246dfbbc69fed17fcd295d413474fa6ecdb7fe88a62ca2a5a52789d8ba59cedb53cf3837af6970f332459e599cefd5f790cf7a163824ed7a13da27b9cfee7d8146c8f1c43374f8103bc38a91c9ef8fcbb1366cc5df1f3fe3319f9e8aa700392a6a65a540ab8586cf6d7757fa76b217d6b9b3877f35d3942e82b1fc6703c541028c0a1139fe8a1e8e8b644d170077e630146b0d84014a0b14aa3530fd624bccfb47aeae90e5d3af77efdfd89df9fb37462a0d3b94500cc0edce7fb0e8a5155f9a13e5d754a7ebe78ae83936358886d481f5ed00c677d779e3d524970679616791b0e21cf311411d7efcf7d3f5476b53d1ecccbbe9a9697999691999e6f406b837a1b74316421009bc30f318ba02535cd6b9fb899077629923cc3c7e2e80a0f94b9dc6e16ea38fb6630d761bd111d77c0a620eca03cce32248eb3351a34a8c7615d2ea2595b5585ac22cb3a5a09051656e4e23c00b039749f678ea483112ae73b53deb7af4981b34f5204c3d2101318f4fd8610eac8c87d87ae2322505494810dbcb66858df2dc64117e0a558922031e6c9c9fddb2431d45bf9a1b01640e764202e439229e42d4570ae3e3f3ca8815705941faac7d7591c92c5590954a5b77abb5d2447d171982ba93c8379682fe3f6155c2e694b140da56163bfb27e833158776840f771455fae48d38c6be0a5f4bd8f38bc6333f5901896e0f847524c3436a79ac5754d0b0269554d1b483bda9c0a29479b13893f9cfba01ac6c4d1eeba7d664daa41bb584f025473e8ccceed510a36f62bf412fdf67a79a0c2713441bb69271647b8aa35eff64615ded5f8a3e4fcb060f94a04b6f437e2427b57ad8d9a180a9aa6b4ebc978ef877e4d9dc0f1437273c757c5c907466ebea25e19cab1a43bc9c3b3d61dbb22e3178332fa0d4a6e3e8ee559069205e169fbeae33c24c0fafddeef5fce5dbbef9aa05882d54fe79f8a63bba6a97238a08be2b44aae1a3b54e9dc23449b334ae6a4f2cebee96a284f3ad62adec9d06e2f9b14b936d796281a4ac12662b9d62ed16f88632c85e304c53eb6305dbc38a222c9bd9c25a77524da5d406b22a55bcc071645fab3b4db33fa82220b86a21f6a4f797b5dd6f4897cad6445cbf918eb806e42a229db6a39a1a0456754d0118c219b0244f20b07f193c409dc8175fb4350fcc2a1fe9cb35d8eaccf4ff24e1434e073db05ebfe7e0e0f5671aaa086554512beafeff0ce9582475a93a3afe5ca87dbb7bca48b821a12a7d78cf3b00c47478ea52d513494c16f905e50182530978b22f072ef7ef5c9fb2f76ea528ba41f19357adc80729eba6bd0455c375c9c7f337206557de369aada4c4d104c49cc1b44534df6e9e75ea56a4f3c2f989b075ed474d950c2b9c393309262d182b84232444129d8a0454208b04f28fc31cc0595afcb95d0f8e1fb1a3e528b85da91c62a761d3ebc918b6d7144848c733b36d943fb5fd8d8886cb032a8894650dffd7f183b60429bbb28c2fde4d4bdd74e06438aa285447feafb09505fa36f650353b3258a8612b241cd0678bd8f41dfb0e8a179a783c2e31d50ffd3f526ec39f6d7f13989a025dafdfe851cffca2a4ee6bd0c4d0059109b823b5ba0e705010ef53bba21ed382f1c6be8c61fdf2d89aaa8f9c7d31ced2329808ba9f7ce8fe952bea92a6aa678617405026df324a21545c5a23496e6613c9c97f5b9190ee7ba76efd1fd99164deeaf5eaef6b37d07f46804b6e072d1f7f5ed35fe1d0f4b97ff244f041f46dfa4a42b1685889a2c32d6f20e433343ba90332dd1eb2a3fe0ac2c05c3da85e6240dcda813ddbf9bc0935acf4cc9d4f54b7fbe31dfbff2f924174d32900f62c3c67ec2705e2f49f12ea67d664ed6d5ec0b47f6edfcf9fb794b67cd98d9c545921471cfebaf777bae314378aa7d7851570350b6a0bae63a0f1b26ba780a6a1f51ddd9d8e94c74549a12d40588604b9348142431028bc338cce9bd6ff8d2f9ffa85df7cb50e0dcf7835a25e1e83b9d23824443c9d8a01922decdf11e0e2cc1c53ac8e169d99aac83ff4a1bba8f4b35d4c0675e0c23880ee7437969bb9a393dae4a7db708ba64dd3de1c6048ac283866e2c20650ce4a886231b918f6d86be4157d37be34ecc45622e0a239c0ed285511592987b175dd5f36525ebd8734ed25a5b5c1c4ac20680eea7cd57c0489a89a7dc10cb1a7c3475e6dce5dbf6a76cec82557969e3c594913e078bc53dbc35234fceece371bb7cd8239f5fb56ee6aba30981c29a4177af50445d57b23eaf4cddbf286fc93dcc2ba99aecd7b415951917e60416d05713402b81271e5a91a7040c45d203ffc088dbdc95a3a46cac58c6e22449d2e5a8381263c9b8ffebfe54bbce2f0ce85a9121e89a8d1f488cc370c29170f75b295a702449fbeea3f09a0397a4e9d075a21302c0c64e3fd6b5ac61081262f6dc064c97e5b2707e105b754ec85025ed4a5f9f0373112e303627416324433559a429822ea841591e461231b9ab15a2020f9417a3fb4efdeaa3e712e369ccdd6855cee5ac50f0f2aaceacd749504e8aa41d2cd9e89b744d599848355bf6dec32455ebad9fb255d00faa3c8d4836854768aa4d5d932f8facc6beb45f9355f96827b2f1af6a4e383fbcbe367401483bc0c785b171eec986a0195a48d5035bbbe2586cd8a00ed0e3619cd5279e15fdd78e2e7e298970c73dbd7cd781ddbb771e9d5b1977b02e27d49d98036f7b52548ccd77395aa4e7fcf9e9d34944ed17a71fcf17c053d0e927a083ba0439aca9d28579ad994a1f1d9343a61c54b636667b9c574292983d8425710cb48c61d063b848f6cd4b8616d43525734173b7c341c5888d0f920d49bf776dcf866fe77c3e6168d324ba3c97985431a15cf90a4930becb05d914ba2b2f355a0caac79ad34d2fa89a7c6141a7ea1451a3dffcdd97fdb264c241d6a0a786aaf9d4ae8f9fe0b08aa333a1a39302922accaeee19015acc3336d78a275c381022c0ae5ce5a8f6a9415d974299dfd477103cc5c4e09e9056b2e1089ce89822e70733cf9dd8ff47f2ea9fbe9f35ec1eda87395c04b080b2007e3918d2f5569ea166f7225a825b6bba7475c37bad2a7b2ad669d57fd4bc753b76ecdcfbdbc61fa60deaf968351f4e3cb8283daccae84242c5c81e9250e9d38bba288bfd590e6c0c94e3743969c7c35f07c20159ca1e53c15dcb43a1ab3f8a4709d84024617d9c93aa9d6c5eb3cec380e14ba222a72fac857b7028d52c32044e3a81d2c05c33147a136f930abe0e494552d393a7bcf448650fe94d48b8bb5a7928ec6996607c2eaaed26450da1ab548083ac9c1dc0561d79451542db1bc5d1181c238ae2386fab1501595402875fad44359ad2d9897131b8678a178200873bf82ecb972f5fb56cc5f215cb167ffffdb2458b962d7f82e45cd0a8819da1aff477b848ca39d0af2af23bee36178db0896efd24086139fdd8baa9afb6be87223c04c554a85e21090cc9f121644cc58c5cbcaf28faba7a84efe5bdaa9af5520536de09fbc3bdf7bfb147827772d6b4f539eefd2e7f389a9eb2458a8612b0e1080f4fd1ae78be6af5076b3df4c4d39dfbbc3efcbdf7de193cf8f556e5a092c65d001ce074820bbfa928aaf8baa7e51505a57fe8d914b4d64692fc6756b503c6355f9db7f6fb2fdfbad74976be842ed087dc6a48b266280b3c0ce97d6a55967a72ee805675aa54a9df7ef8b64c7f40f51f1bd590243aacf5abd3399ef2deb9dfb8139258ca95d06ee0d8451b7f3b74f46a46f6b5ecec803f907bf5c400da811340062c0d871c8193ae61b22e6574a59b66489058403f50a869f00bfcfffc830c5d69c4f6c9dd3abe38bda39baeb14d17a1ef346403ea1ff9520f02c7d9b806af259f0ee6a51ddfbfe760aa1f625feaaf131af364b557f6a8aab1b51aeee4effc7e361e2823d9b87ab3b7feb677efde3dfb76eede7ff0d081037bfed8bdf3af99f5713cceb23414049c188d4f0d868ddf1f251f3a275bdf246d42e5a9ea5a5811e46d776371955a3c7cff8ac3afb87d712e7ea2248635f4d5aca6a406272552dece3d6bb9c886bdbed87e26cb0fd13ae3f0f6492f3620e3f9169f5d0b0b61e948cb78171d833acd8dbe009eac51e5ae1af56ad5a953af4ecd1a356ad6bbf7defbead4ad4a11f1283823d5800791f85dab35459a550e6bb00faa1974c73474a52ea41a336c2c4ca29d14eeadb774db3f6a357ba446fcf3574d51450b0c75455c5b17afd0ff64c6da376bbb71be5acbde6f0f1f34a0db1375582adefbc0a8bd92001947c97c1de7685ba06828091b1f8f3b198c7257f04096c63df77ef5e557b3977ebf66f592e9c3eee7288cc191f7382902ecf1d5cb9276f159a7eb9e6d41302e4d42eb6bccb0a9848dfc4f188e4aea396748db76afedc93e3ddd7bff91b0a0ebe039baf14b13b2dc3f534551cfd937ae4b650aea4e7488482755a1cdc4837e1d3a255d9195c9f12cba43547128091b96205cb4ebbe292b96bc799f8764ef9db8f670862ca990d1d573f33a24d1348dc5bb189673547eed8820a50df1e1acb3c30529180aa3a0651aa00155bdf612e362c6e64a529e3f88aaffc48a9b2549964555cd99fd18576bae756355c910f30ecc79bfe7d3cd1e6edcb6cbab33b6403091ad496c2826d65777ddee36232560033912626f9de5b98150ded12f5bb3b8cb57b7c3a49fcfe4a810abe4739f374f4a808234befc237d7fc9cc4ad93cb426e3e29c9e37e1d0e7a1c5833a48a29acab9a79d043f511124113c4b35ff4597ff5a0ceb0145de37b826d66a8b12123449317508f0d06864a7a767640404c3d4af77e4a671a889e3761303258902ac131264c54e9d3bb5efd0e79527cb3b38071433d55b0e5fb437cd0f47f3c4b21953c68d9fbb3ee5c28659dd1f2ec7d3ac17eccffbda21084aa8f94437b8080b7bef251c8e8101f067b02d49998b7be6c879ba726c6a5392786eaf88aa37743e14ad3b96422151561441847215ddaeddba864797b37be131b80f148f131c596bc8f00f3ef878f4a8d1e33f1df7e6b34f5443e7c2c83a7de65fc8d5e0c00b21f1d2faf7dbd48006a8428b37e7fff0dde4273ddea7b6e48826fa0a46158a3369574dc8adcf65a932f49c6143fcc2c57c6aa80747372571dfa033327839888e9a6f60aecac01fddfb52b1ce93a0ca1bd888c11118698b140d25f11be808b9e7d3443164f94a481472cfee79af2ea4d447fff5d7354191b22fed5bfc6e9b7b082abe7cb3e1c9a98aa499fed343ef261efee8ac20caf9e8cb7e15f1cab48a24f3f029c9b4ee04234ec03c6fe79f6a4771aebb3fbc24a075d3aad56d431d0a8cac3539f0038a45d30ae80d43d17ea0d93bcf376068043b4209a986a121bd1b866c6afef3a36af154c71123468e19f156ab7a5ea8032a37ff60d5a5a06a0a10c3242d6d766ddef7f8ccdd39f0677e11eafa53a3cb396a1e90055337b470700c85b5bf90f6b8c7d96066ae0225109a3f80fd2306f60277e08c5483dcce6a8c746d772276e7f906cd3b24fe63c9c2a54b974081b674c992458b172f9cbd20e597018d7c048313b483a0131b751fb9e6a020a9014541f7dcd1425ad6eace1569a64e9fafb69fced144886ec75ae0e593a11005bb53d5e5f76195be3fd384603fbda62be80caf35718d3821d11115a824a02db2661160032a93ce3de4bc7336e0f244d54123de1e3c74d8b06143870e7d77d8bb43877f3cf8907af58f192fb769f2e8e3edfa8efde1f70b214d3564153a67cbcf0d88bdc7e6f6a8ebc6121a747c7ddcf4f93fac1c7b177edf3634e78cfa804bcb1b135d7f7bdc99b0461564153e6f69a508d04415645d4d803c8ceeb924647675dd79bea1e31dcea72fa031ad934b5059415e545151622881ac73e72fa6833f8142d04df05166081b12d46632ba1d67c6e6b1cfd52f4f51b493bdab8ac7557fb12c854cd12f8a50a94cf1250d7f8048586a22ffbfe5b428a80902a278e82c044668f364e98d18644fbc0245be1ad442e87b2ed015598a04095c0207058b52d097e0a315f6a00a4317208605c24a480e4baa08058da2cbf9e9477e590c0d5a0d9c70b8dfcb11a570ee67cf2f40f7f84d6d8125906485efac9b93dc12161b357f6432f80eba8d5178620c6607a149778f4a3d7f0170f6e4b123878f1c4d39989291055600e48cc0e1695fce9a3271eaf4e993a7cefa62eacccfa6ce9c357df2dc4b3afac625282965682df5dcabefd18cb3fa2688bbcaf67ad8538720122a0359078ff9565b5f087c4bd520f73143290ffc605d05ab6ae6aa72771ed32ad525b0a426f5ebd7add7f0fec6ad3a76ebfde1172b379df6a36f5733c25adef2f2ae075e78a663d78e5d9e7ba6c3d3ed3b7468dfe1a93603f643a2310ca8154261a44ef54bce4554fa5d0e05c37f3565ba5d0d8b66de1b344612beefc2d652029b4161c036285903332bac9354a8f724433e724f0ceeda7b37cdbd3b77d31f274f9e3c753635235b0ae6c9aa6e7de79da189e13fab250ecdf667fb0ffc99979b97979f17caf707856c0804e045e8be3041d0a0a46dbc1ba3cbaf84cc19d27e5f94a24b82b2a71e091d5ae26a2bb7dc0a1001a040486b5b7e8b10566428160267ebdd267d96844d45e2b1fd390a1c671407506e87ca5746a524f8a6143e733ff16aaea2ee69d1f1785832c34108bfa2f5fd5ea8bf01d61ac45e493bd8308e740ec952d05d30fd8aa4aa295d318f8376fb5616becf6f11404c86dd2457be67976c08121c97d0d98762c086c51f3876ee28384c4acae143870e1d3efcd7b143fb2e833b40c2d38ceca71d2d365ffbb53555f9bb8cec0ba9972e5fb9743653892442d449a3402729679b4113547ba324c8505b868327a7364df410159eaac1afb89ef76f04383ef4351f718f9e50fd41285421acb7226c91a2a0247e43d174f5fb9f78b44993162ddb3ef3d4334f77ead0f199115bfde8ab6e0ce8b85e269df7b6aeeec3f1fbdb77eed8a1e74bef4e9ebd5737a1a7b1819a69e55a0fe8b3b9762ba19e0ca5ae9cd4a84a3c41d499b1ffa9722b51c2bf35a0e650ae36c17a679c9f78182dd855823d63c08621abf59cbcfcd7dd7f1e3a7eee526adae5aba957afe406500207f715d57778ced3b4225565e0b899f356ef3c7ae6526e3e74fcff16d25252602049397cd43daf7e3a79f093d55d1ced2cd7619d90d68d5f15fd6c2f244ef5f74af16f2bb36b6e545574ef9c37705ba6282889a55189b34e675ebb969999752de3eae5ab5941c5b4d63620394d519be1e0062dac4a74bb1c840388ee162d2a68558a2d120088a9ea185070bf873982f1de5fb71cc791bef1279570ee08df4f503047831914a693f49cbdf7353a08766d6acaa83bd74d65026ff16ca7a79f6adeb255db2e7ddf1eb9e8521842996deac06626e59e3e9ba834355f845007c14212d1e4461136a6aa4ea31d6d527effb445854777feba74eafb8d6aef8362c53f327175d4e409ca51d27ad1957e7c897f371715d6863e2306357442d2fded7b0cf8e0b379dfadfe79c75fe7b2439a0e071429067e24fd73775cd7cef43de37f5eb9e4db258b17cc5f790a5454c03602435366b2ce569704f9f45b353ffb2ddd9fd3bbce6f66ae264da8f853910f1681a969c71b93f7ccaa99f4a3a16b2254045f14db7bbaddff0f0b548719aa18ce0e0000000049454e44ae426082);

--
-- Indexes for dumped tables
--

--
-- Indexes for table `equipment`
--
ALTER TABLE `equipment`
  ADD PRIMARY KEY (`equipment_id`);

--
-- Indexes for table `inventory_request`
--
ALTER TABLE `inventory_request`
  ADD PRIMARY KEY (`inventory_request_id`);

--
-- Indexes for table `inventory_request_equipment`
--
ALTER TABLE `inventory_request_equipment`
  ADD PRIMARY KEY (`inventory_request_equipment_id`);

--
-- Indexes for table `user_details`
--
ALTER TABLE `user_details`
  ADD PRIMARY KEY (`user_id`);

--
-- AUTO_INCREMENT for dumped tables
--

--
-- AUTO_INCREMENT for table `equipment`
--
ALTER TABLE `equipment`
  MODIFY `equipment_id` int(11) NOT NULL AUTO_INCREMENT, AUTO_INCREMENT=7;
--
-- AUTO_INCREMENT for table `inventory_request`
--
ALTER TABLE `inventory_request`
  MODIFY `inventory_request_id` int(11) NOT NULL AUTO_INCREMENT, AUTO_INCREMENT=7;
--
-- AUTO_INCREMENT for table `inventory_request_equipment`
--
ALTER TABLE `inventory_request_equipment`
  MODIFY `inventory_request_equipment_id` int(11) NOT NULL AUTO_INCREMENT, AUTO_INCREMENT=7;
--
-- AUTO_INCREMENT for table `user_details`
--
ALTER TABLE `user_details`
  MODIFY `user_id` int(11) NOT NULL AUTO_INCREMENT, AUTO_INCREMENT=12;COMMIT;

/*!40101 SET CHARACTER_SET_CLIENT=@OLD_CHARACTER_SET_CLIENT */;
/*!40101 SET CHARACTER_SET_RESULTS=@OLD_CHARACTER_SET_RESULTS */;
/*!40101 SET COLLATION_CONNECTION=@OLD_COLLATION_CONNECTION */;
